source_mat_id_orig,samp_description,tax_id,scientific_name,investigation_type,env_material,collection_date,sampling_event,sampl_person,sampl_person_orcid,tidal_stage,noteworthy_env_cond,depth,replicate,samp_size_vol,time_fi,size_frac,size_frac_low,size_frac_up,membr_cut,samp_collect_device,samp_mat_process,samp_mat_process_dev,samp_store_date,samp_store_loc,samp_store_temp,store_person,store_person_orcid,other_person,other_person_orcid,long_store,ship_date,arr_date_hq,store_temp_hq,ship_date_seq,arr_date_seq,seq_batch,failure,failure_comment,ENA_accession_number_sample,source_mat_id
EMOBON 210701 330 WaSOP1 3um R1,EMOBON metagenome water sample from station BPNS collected on 2021-07-01 size fraction 3-200um,https://www.ncbi.nlm.nih.gov/taxonomy/browser/wwwtax.cgi?id=1874687,marine plankton metagenome,metagenome,http://purl.obolibrary.org/obo/ENVO_00002149;http://purl.obolibrary.org/obo/ENVO_00002150;http://purl.obolibrary.org/obo/ENVO_00002042,2021-07-01,BPNS_Wa_210701,Sander Delacauw,https://orcid.org/0000-0002-5400-2891,ebb_tide,,20.54,1,10,0.2,3-200,3,200,true,Niskin Bottle,WaSOP1,Since the pump and the filtration units had not yet arrived 20L of water was taken and frozen. These were filtered 8 weeks later.,2021-07-01,MSO LifeWatch Lab -80 Freezer,-80,Sander Delacauw,https://orcid.org/0000-0002-5400-2891,Rune Lagaisse,https://orcid.org/0000-0001-9191-9140,false,2021-10-05,2021-10-08,-70,2021-11-24,2021-11-24,batch_1,,"seawater was frozen; a month later when the filter holders arrived, seawater was brought to RT and filtered",https://identifiers.org/ena.embl:ERS16590011,EMOBON_BPNS_Wa_1
EMOBON 210701 330 WaSOP1 3um R2,EMOBON metagenome water sample from station BPNS collected on 2021-07-01 size fraction 3-200um,https://www.ncbi.nlm.nih.gov/taxonomy/browser/wwwtax.cgi?id=1874687,marine plankton metagenome,metagenome,http://purl.obolibrary.org/obo/ENVO_00002149;http://purl.obolibrary.org/obo/ENVO_00002150;http://purl.obolibrary.org/obo/ENVO_00002042,2021-07-01,BPNS_Wa_210701,Sander Delacauw,https://orcid.org/0000-0002-5400-2891,ebb_tide,,20.54,2,10,0.2,3-200,3,200,true,Niskin Bottle,WaSOP1,Since the pump and the filtration units had not yet arrived 20L of water was taken and frozen. These were filtered 8 weeks later.,2021-07-01,MSO LifeWatch Lab -80 Freezer,-80,Sander Delacauw,https://orcid.org/0000-0002-5400-2891,Rune Lagaisse,https://orcid.org/0000-0001-9191-9140,false,2021-10-05,2021-10-08,-70,2021-11-24,2021-11-24,batch_1,,"seawater was frozen; a month later when the filter holders arrived, seawater was brought to RT and filtered",https://identifiers.org/ena.embl:ERS16590012,EMOBON_BPNS_Wa_2
EMOBON 210701 330 WaSOP1 3um R3,EMOBON metagenome water sample from station BPNS collected on 2021-07-01 size fraction 3-200um,https://www.ncbi.nlm.nih.gov/taxonomy/browser/wwwtax.cgi?id=1874687,marine plankton metagenome,metagenome,http://purl.obolibrary.org/obo/ENVO_00002149;http://purl.obolibrary.org/obo/ENVO_00002150;http://purl.obolibrary.org/obo/ENVO_00002042,2021-07-01,BPNS_Wa_210701,Sander Delacauw,https://orcid.org/0000-0002-5400-2891,ebb_tide,,20.54,3,10,0.2,3-200,3,200,true,Niskin Bottle,WaSOP1,Since the pump and the filtration units had not yet arrived 20L of water was taken and frozen. These were filtered 8 weeks later.,2021-07-01,MSO LifeWatch Lab -80 Freezer,-80,Sander Delacauw,https://orcid.org/0000-0002-5400-2891,Rune Lagaisse,https://orcid.org/0000-0001-9191-9140,true,,,,,,,,,,EMOBON_BPNS_Wa_3
EMOBON 210701 330 WaSOP1 3um R4,EMOBON metagenome water sample from station BPNS collected on 2021-07-01 size fraction 3-200um,https://www.ncbi.nlm.nih.gov/taxonomy/browser/wwwtax.cgi?id=1874687,marine plankton metagenome,metagenome,http://purl.obolibrary.org/obo/ENVO_00002149;http://purl.obolibrary.org/obo/ENVO_00002150;http://purl.obolibrary.org/obo/ENVO_00002042,2021-07-01,BPNS_Wa_210701,Sander Delacauw,https://orcid.org/0000-0002-5400-2891,ebb_tide,,20.54,4,10,0.2,3-200,3,200,true,Niskin Bottle,WaSOP1,Since the pump and the filtration units had not yet arrived 20L of water was taken and frozen. These were filtered 8 weeks later.,2021-07-01,MSO LifeWatch Lab -80 Freezer,-80,Sander Delacauw,https://orcid.org/0000-0002-5400-2891,Rune Lagaisse,https://orcid.org/0000-0001-9191-9140,true,,,,,,,,,,EMOBON_BPNS_Wa_4
EMOBON 210701 330 WaSOP1 3um Blank,EMOBON metagenome water sample from station BPNS collected on 2021-07-01 size fraction 3-200um,https://www.ncbi.nlm.nih.gov/taxonomy/browser/wwwtax.cgi?id=256318,metagenome,metagenome,http://purl.obolibrary.org/obo/ENVO_00003065,2021-07-01,BPNS_Wa_210701,Sander Delacauw,https://orcid.org/0000-0002-5400-2891,,,,blank_1,10,0.033333,3-200,3,200,false,,WaSOP1,Since the pump and the filtration units had not yet arrived 20L of water was taken and frozen. These were filtered 8 weeks later.,2021-07-01,MSO LifeWatch Lab -80 Freezer,-80,Sander Delacauw,https://orcid.org/0000-0002-5400-2891,Rune Lagaisse,https://orcid.org/0000-0001-9191-9140,true,,,,,,,,,,EMOBON_BPNS_Wa_5
EMOBON 210701 330 WaSOP1 0.2um R2,EMOBON metagenome water sample from station BPNS collected on 2021-07-01 size fraction 0.2-3um,https://www.ncbi.nlm.nih.gov/taxonomy/browser/wwwtax.cgi?id=1874687,marine plankton metagenome,metagenome,http://purl.obolibrary.org/obo/ENVO_00002149;http://purl.obolibrary.org/obo/ENVO_00002150;http://purl.obolibrary.org/obo/ENVO_00002042,2021-07-01,BPNS_Wa_210701,Sander Delacauw,https://orcid.org/0000-0002-5400-2891,ebb_tide,,20.54,2,10,0.2,0.2-3,0.2,3,true,Niskin Bottle,WaSOP1,Since the pump and the filtration units had not yet arrived 20L of water was taken and frozen. These were filtered 8 weeks later.,2021-07-01,MSO LifeWatch Lab -80 Freezer,-80,Sander Delacauw,https://orcid.org/0000-0002-5400-2891,Rune Lagaisse,https://orcid.org/0000-0001-9191-9140,false,2021-10-05,2021-10-08,-70,2021-11-24,2021-11-24,batch_1,,"seawater was frozen; a month later when the filter holders arrived, seawater was brought to RT and filtered; there is a small chance that the reads generated for R1 might be for R2 and vice versa.",https://identifiers.org/ena.embl:ERS16590014,EMOBON_BPNS_Wa_6
EMOBON 210701 330 WaSOP1 0.2um R1,EMOBON metagenome water sample from station BPNS collected on 2021-07-01 size fraction 0.2-3um,https://www.ncbi.nlm.nih.gov/taxonomy/browser/wwwtax.cgi?id=1874687,marine plankton metagenome,metagenome,http://purl.obolibrary.org/obo/ENVO_00002149;http://purl.obolibrary.org/obo/ENVO_00002150;http://purl.obolibrary.org/obo/ENVO_00002042,2021-07-01,BPNS_Wa_210701,Sander Delacauw,https://orcid.org/0000-0002-5400-2891,ebb_tide,,20.54,1,10,0.2,0.2-3,0.2,3,true,Niskin Bottle,WaSOP1,Since the pump and the filtration units had not yet arrived 20L of water was taken and frozen. These were filtered 8 weeks later.,2021-07-01,MSO LifeWatch Lab -80 Freezer,-80,Sander Delacauw,https://orcid.org/0000-0002-5400-2891,Rune Lagaisse,https://orcid.org/0000-0001-9191-9140,false,2021-10-05,2021-10-08,-70,2021-11-24,2021-11-24,batch_1,,"seawater was frozen; a month later when the filter holders arrived, seawater was brought to RT and filtered; there is a small chance that the reads generated for R1 might be for R2 and vice versa.",https://identifiers.org/ena.embl:ERS16590013,EMOBON_BPNS_Wa_7
EMOBON 210701 330 WaSOP1 0.2um R3,EMOBON metagenome water sample from station BPNS collected on 2021-07-01 size fraction 0.2-3um,https://www.ncbi.nlm.nih.gov/taxonomy/browser/wwwtax.cgi?id=1874687,marine plankton metagenome,metagenome,http://purl.obolibrary.org/obo/ENVO_00002149;http://purl.obolibrary.org/obo/ENVO_00002150;http://purl.obolibrary.org/obo/ENVO_00002042,2021-07-01,BPNS_Wa_210701,Sander Delacauw,https://orcid.org/0000-0002-5400-2891,ebb_tide,,20.54,3,10,0.2,0.2-3,0.2,3,true,Niskin Bottle,WaSOP1,Since the pump and the filtration units had not yet arrived 20L of water was taken and frozen. These were filtered 8 weeks later.,2021-07-01,MSO LifeWatch Lab -80 Freezer,-80,Sander Delacauw,https://orcid.org/0000-0002-5400-2891,Rune Lagaisse,https://orcid.org/0000-0001-9191-9140,true,,,,,,,,,,EMOBON_BPNS_Wa_8
EMOBON 210701 330 WaSOP1 0.2um R4,EMOBON metagenome water sample from station BPNS collected on 2021-07-01 size fraction 0.2-3um,https://www.ncbi.nlm.nih.gov/taxonomy/browser/wwwtax.cgi?id=1874687,marine plankton metagenome,metagenome,http://purl.obolibrary.org/obo/ENVO_00002149;http://purl.obolibrary.org/obo/ENVO_00002150;http://purl.obolibrary.org/obo/ENVO_00002042,2021-07-01,BPNS_Wa_210701,Sander Delacauw,https://orcid.org/0000-0002-5400-2891,ebb_tide,,20.54,4,10,0.2,0.2-3,0.2,3,true,Niskin Bottle,WaSOP1,Since the pump and the filtration units had not yet arrived 20L of water was taken and frozen. These were filtered 8 weeks later.,2021-07-01,MSO LifeWatch Lab -80 Freezer,-80,Sander Delacauw,https://orcid.org/0000-0002-5400-2891,Rune Lagaisse,https://orcid.org/0000-0001-9191-9140,true,,,,,,,,,,EMOBON_BPNS_Wa_9
EMOBON 210701 330 WaSOP1 0.2um Blank,EMOBON metagenome water sample from station BPNS collected on 2021-07-01 size fraction 0.2-3um,https://www.ncbi.nlm.nih.gov/taxonomy/browser/wwwtax.cgi?id=256318,metagenome,metagenome,http://purl.obolibrary.org/obo/ENVO_00003065,2021-07-01,BPNS_Wa_210701,Sander Delacauw,https://orcid.org/0000-0002-5400-2891,,,,blank_1,10,0.033333,0.2-3,0.2,3,false,,WaSOP1,Since the pump and the filtration units had not yet arrived 20L of water was taken and frozen. These were filtered 8 weeks later.,2021-07-01,MSO LifeWatch Lab -80 Freezer,-80,Sander Delacauw,https://orcid.org/0000-0002-5400-2891,Rune Lagaisse,https://orcid.org/0000-0001-9191-9140,true,,,,,,,,,,EMOBON_BPNS_Wa_10
EMOBON 210701 330 WaSOP2 20um R1,EMOBON metagenome water sample from station BPNS collected on 2021-07-01 size fraction 20um,https://www.ncbi.nlm.nih.gov/taxonomy/browser/wwwtax.cgi?id=1874687,marine plankton metagenome,metagenome,http://purl.obolibrary.org/obo/ENVO_00002149;http://purl.obolibrary.org/obo/ENVO_00002150,2021-07-01,BPNS_Wa_210701,Sander Delacauw,https://orcid.org/0000-0002-5400-2891,ebb_tide,,20.54,1,0.25,0.166667,20,20,,false,Apstein,WaSOP2,,2021-07-01,MSO LifeWatch Lab -80 Freezer,-80,Sander Delacauw,https://orcid.org/0000-0002-5400-2891,Rune Lagaisse,https://orcid.org/0000-0001-9191-9140,true,,,,,,,,,,EMOBON_BPNS_Wa_11
EMOBON 210701 330 WaSOP2 20um R2,EMOBON metagenome water sample from station BPNS collected on 2021-07-01 size fraction 20um,https://www.ncbi.nlm.nih.gov/taxonomy/browser/wwwtax.cgi?id=1874687,marine plankton metagenome,metagenome,http://purl.obolibrary.org/obo/ENVO_00002149;http://purl.obolibrary.org/obo/ENVO_00002150,2021-07-01,BPNS_Wa_210701,Sander Delacauw,https://orcid.org/0000-0002-5400-2891,ebb_tide,,20.54,2,0.25,0.166667,20,20,,false,Apstein,WaSOP2,,2021-07-01,MSO LifeWatch Lab -80 Freezer,-80,Sander Delacauw,https://orcid.org/0000-0002-5400-2891,Rune Lagaisse,https://orcid.org/0000-0001-9191-9140,true,,,,,,,,,,EMOBON_BPNS_Wa_12
EMOBON 210701 330 WaSOP2 20um R3,EMOBON metagenome water sample from station BPNS collected on 2021-07-01 size fraction 20um,https://www.ncbi.nlm.nih.gov/taxonomy/browser/wwwtax.cgi?id=1874687,marine plankton metagenome,metagenome,http://purl.obolibrary.org/obo/ENVO_00002149;http://purl.obolibrary.org/obo/ENVO_00002150,2021-07-01,BPNS_Wa_210701,Sander Delacauw,https://orcid.org/0000-0002-5400-2891,ebb_tide,,20.54,3,0.25,0.166667,20,20,,false,Apstein,WaSOP2,,2021-07-01,MSO LifeWatch Lab -80 Freezer,-80,Sander Delacauw,https://orcid.org/0000-0002-5400-2891,Rune Lagaisse,https://orcid.org/0000-0001-9191-9140,true,,,,,,,,,,EMOBON_BPNS_Wa_13
EMOBON 210701 330 WaSOP2 20um R4,EMOBON metagenome water sample from station BPNS collected on 2021-07-01 size fraction 20um,https://www.ncbi.nlm.nih.gov/taxonomy/browser/wwwtax.cgi?id=1874687,marine plankton metagenome,metagenome,http://purl.obolibrary.org/obo/ENVO_00002149;http://purl.obolibrary.org/obo/ENVO_00002150,2021-07-01,BPNS_Wa_210701,Sander Delacauw,https://orcid.org/0000-0002-5400-2891,ebb_tide,,20.54,4,0.25,0.166667,20,20,,false,Apstein,WaSOP2,,2021-07-01,MSO LifeWatch Lab -80 Freezer,-80,Sander Delacauw,https://orcid.org/0000-0002-5400-2891,Rune Lagaisse,https://orcid.org/0000-0001-9191-9140,true,,,,,,,,,,EMOBON_BPNS_Wa_14
EMOBON 210701 330 WaSOP2 20um Blank,EMOBON metagenome water sample from station BPNS collected on 2021-07-01 size fraction 20um,https://www.ncbi.nlm.nih.gov/taxonomy/browser/wwwtax.cgi?id=256318,metagenome,metagenome,http://purl.obolibrary.org/obo/ENVO_00003065,2021-07-01,BPNS_Wa_210701,Sander Delacauw,https://orcid.org/0000-0002-5400-2891,,,,blank_1,0.25,0.133333,20,20,,false,,WaSOP2,,2021-07-01,MSO LifeWatch Lab -80 Freezer,-80,Sander Delacauw,https://orcid.org/0000-0002-5400-2891,Rune Lagaisse,https://orcid.org/0000-0001-9191-9140,true,,,,,,,,,,EMOBON_BPNS_Wa_15
EMOBON 210701 330 WaSOP3 200um R1,EMOBON metagenome water sample from station BPNS collected on 2021-07-01 size fraction 200um,https://www.ncbi.nlm.nih.gov/taxonomy/browser/wwwtax.cgi?id=1874687,marine plankton metagenome,metagenome,http://purl.obolibrary.org/obo/ENVO_00002149;http://purl.obolibrary.org/obo/ENVO_00002150,2021-07-01,BPNS_Wa_210701,Sander Delacauw,https://orcid.org/0000-0002-5400-2891,ebb_tide,,20.54,1,0.2,0.833333,200,200,,false,WP2,WaSOP3,,2021-07-01,MSO LifeWatch Lab -80 Freezer,-80,Sander Delacauw,https://orcid.org/0000-0002-5400-2891,Rune Lagaisse,https://orcid.org/0000-0001-9191-9140,true,,,,,,,,,,EMOBON_BPNS_Wa_16
EMOBON 210701 330 WaSOP3 200um R2,EMOBON metagenome water sample from station BPNS collected on 2021-07-01 size fraction 200um,https://www.ncbi.nlm.nih.gov/taxonomy/browser/wwwtax.cgi?id=1874687,marine plankton metagenome,metagenome,http://purl.obolibrary.org/obo/ENVO_00002149;http://purl.obolibrary.org/obo/ENVO_00002150,2021-07-01,BPNS_Wa_210701,Sander Delacauw,https://orcid.org/0000-0002-5400-2891,ebb_tide,,20.54,2,0.2,0.833333,200,200,,false,WP2,WaSOP3,,2021-07-01,MSO LifeWatch Lab -80 Freezer,-80,Sander Delacauw,https://orcid.org/0000-0002-5400-2891,Rune Lagaisse,https://orcid.org/0000-0001-9191-9140,true,,,,,,,,,,EMOBON_BPNS_Wa_17
EMOBON 210701 330 WaSOP3 200um R3,EMOBON metagenome water sample from station BPNS collected on 2021-07-01 size fraction 200um,https://www.ncbi.nlm.nih.gov/taxonomy/browser/wwwtax.cgi?id=1874687,marine plankton metagenome,metagenome,http://purl.obolibrary.org/obo/ENVO_00002149;http://purl.obolibrary.org/obo/ENVO_00002150,2021-07-01,BPNS_Wa_210701,Sander Delacauw,https://orcid.org/0000-0002-5400-2891,ebb_tide,,20.54,3,0.2,0.833333,200,200,,false,WP2,WaSOP3,,2021-07-01,MSO LifeWatch Lab -80 Freezer,-80,Sander Delacauw,https://orcid.org/0000-0002-5400-2891,Rune Lagaisse,https://orcid.org/0000-0001-9191-9140,true,,,,,,,,,,EMOBON_BPNS_Wa_18
EMOBON 210701 330 WaSOP3 200um R4,EMOBON metagenome water sample from station BPNS collected on 2021-07-01 size fraction 200um,https://www.ncbi.nlm.nih.gov/taxonomy/browser/wwwtax.cgi?id=1874687,marine plankton metagenome,metagenome,http://purl.obolibrary.org/obo/ENVO_00002149;http://purl.obolibrary.org/obo/ENVO_00002150,2021-07-01,BPNS_Wa_210701,Sander Delacauw,https://orcid.org/0000-0002-5400-2891,ebb_tide,,20.54,4,0.2,0.833333,200,200,,false,WP2,WaSOP3,,2021-07-01,MSO LifeWatch Lab -80 Freezer,-80,Sander Delacauw,https://orcid.org/0000-0002-5400-2891,Rune Lagaisse,https://orcid.org/0000-0001-9191-9140,true,,,,,,,,,,EMOBON_BPNS_Wa_19
EMOBON 210701 330 WaSOP3 200um Blank,EMOBON metagenome water sample from station BPNS collected on 2021-07-01 size fraction 200um,https://www.ncbi.nlm.nih.gov/taxonomy/browser/wwwtax.cgi?id=256318,metagenome,metagenome,http://purl.obolibrary.org/obo/ENVO_00003065,2021-07-01,BPNS_Wa_210701,Sander Delacauw,https://orcid.org/0000-0002-5400-2891,,,,blank_1,0.25,0.833333,200,200,,false,,WaSOP3,,2021-07-01,MSO LifeWatch Lab -80 Freezer,-80,Sander Delacauw,https://orcid.org/0000-0002-5400-2891,Rune Lagaisse,https://orcid.org/0000-0001-9191-9140,true,,,,,,,,,,EMOBON_BPNS_Wa_20
EMOBON 210825 330 WaSOP1 3um R1,EMOBON metagenome water sample from station BPNS collected on 2021-08-25 size fraction 3-200um,https://www.ncbi.nlm.nih.gov/taxonomy/browser/wwwtax.cgi?id=1874687,marine plankton metagenome,metagenome,http://purl.obolibrary.org/obo/ENVO_00002149;http://purl.obolibrary.org/obo/ENVO_00002150;http://purl.obolibrary.org/obo/ENVO_00002042,2021-08-25,BPNS_Wa_210825,Sander Delacauw,https://orcid.org/0000-0002-5400-2891,ebb_tide,,18.66,1,7,0.25,3-200,3,200,true,Niskin Bottle,WaSOP1,,2021-08-25,MSO LifeWatch Lab -80 Freezer,-80,Sander Delacauw,https://orcid.org/0000-0002-5400-2891,Rune Lagaisse,https://orcid.org/0000-0001-9191-9140,false,2021-10-05,2021-10-08,-70,2021-11-24,2021-11-24,batch_1,false,,https://identifiers.org/ena.embl:ERS16590015,EMOBON_BPNS_Wa_21
EMOBON 210825 330 WaSOP1 3um R2,EMOBON metagenome water sample from station BPNS collected on 2021-08-25 size fraction 3-200um,https://www.ncbi.nlm.nih.gov/taxonomy/browser/wwwtax.cgi?id=1874687,marine plankton metagenome,metagenome,http://purl.obolibrary.org/obo/ENVO_00002149;http://purl.obolibrary.org/obo/ENVO_00002150;http://purl.obolibrary.org/obo/ENVO_00002042,2021-08-25,BPNS_Wa_210825,Sander Delacauw,https://orcid.org/0000-0002-5400-2891,ebb_tide,,18.66,2,7,0.25,3-200,3,200,true,Niskin Bottle,WaSOP1,,2021-08-25,MSO LifeWatch Lab -80 Freezer,-80,Sander Delacauw,https://orcid.org/0000-0002-5400-2891,Rune Lagaisse,https://orcid.org/0000-0001-9191-9140,false,2021-10-05,2021-10-08,-70,2021-11-24,2021-11-24,batch_1,false,,https://identifiers.org/ena.embl:ERS16590016,EMOBON_BPNS_Wa_22
EMOBON 210825 330 WaSOP1 3um R3,EMOBON metagenome water sample from station BPNS collected on 2021-08-25 size fraction 3-200um,https://www.ncbi.nlm.nih.gov/taxonomy/browser/wwwtax.cgi?id=1874687,marine plankton metagenome,metagenome,http://purl.obolibrary.org/obo/ENVO_00002149;http://purl.obolibrary.org/obo/ENVO_00002150;http://purl.obolibrary.org/obo/ENVO_00002042,2021-08-25,BPNS_Wa_210825,Sander Delacauw,https://orcid.org/0000-0002-5400-2891,ebb_tide,,18.66,3,7,0.25,3-200,3,200,true,Niskin Bottle,WaSOP1,,2021-08-25,MSO LifeWatch Lab -80 Freezer,-80,Sander Delacauw,https://orcid.org/0000-0002-5400-2891,Rune Lagaisse,https://orcid.org/0000-0001-9191-9140,true,,,,,,,,,,EMOBON_BPNS_Wa_23
EMOBON 210825 330 WaSOP1 3um R4,EMOBON metagenome water sample from station BPNS collected on 2021-08-25 size fraction 3-200um,https://www.ncbi.nlm.nih.gov/taxonomy/browser/wwwtax.cgi?id=1874687,marine plankton metagenome,metagenome,http://purl.obolibrary.org/obo/ENVO_00002149;http://purl.obolibrary.org/obo/ENVO_00002150;http://purl.obolibrary.org/obo/ENVO_00002042,2021-08-25,BPNS_Wa_210825,Sander Delacauw,https://orcid.org/0000-0002-5400-2891,ebb_tide,,18.66,4,7,0.25,3-200,3,200,true,Niskin Bottle,WaSOP1,,2021-08-25,MSO LifeWatch Lab -80 Freezer,-80,Sander Delacauw,https://orcid.org/0000-0002-5400-2891,Rune Lagaisse,https://orcid.org/0000-0001-9191-9140,true,,,,,,,,,,EMOBON_BPNS_Wa_24
EMOBON 210825 330 WaSOP1 3um Blank,EMOBON metagenome water sample from station BPNS collected on 2021-08-25 size fraction 3-200um,https://www.ncbi.nlm.nih.gov/taxonomy/browser/wwwtax.cgi?id=256318,metagenome,metagenome,http://purl.obolibrary.org/obo/ENVO_00003065,2021-08-25,BPNS_Wa_210825,Sander Delacauw,https://orcid.org/0000-0002-5400-2891,,,,blank_1,7,0.033333,3-200,3,200,false,,WaSOP1,,2021-08-25,MSO LifeWatch Lab -80 Freezer,-80,Sander Delacauw,https://orcid.org/0000-0002-5400-2891,Rune Lagaisse,https://orcid.org/0000-0001-9191-9140,true,,,,,,,,,,EMOBON_BPNS_Wa_25
EMOBON 210825 330 WaSOP1 0.2um R1,EMOBON metagenome water sample from station BPNS collected on 2021-08-25 size fraction 0.2-3um,https://www.ncbi.nlm.nih.gov/taxonomy/browser/wwwtax.cgi?id=1874687,marine plankton metagenome,metagenome,http://purl.obolibrary.org/obo/ENVO_00002149;http://purl.obolibrary.org/obo/ENVO_00002150;http://purl.obolibrary.org/obo/ENVO_00002042,2021-08-25,BPNS_Wa_210825,Sander Delacauw,https://orcid.org/0000-0002-5400-2891,ebb_tide,,18.66,1,7,0.25,0.2-3,0.2,3,true,Niskin Bottle,WaSOP1,,2021-08-25,MSO LifeWatch Lab -80 Freezer,-80,Sander Delacauw,https://orcid.org/0000-0002-5400-2891,Rune Lagaisse,https://orcid.org/0000-0001-9191-9140,false,2021-10-05,2021-10-08,-70,2021-11-24,2021-11-24,batch_1,false,,https://identifiers.org/ena.embl:ERS16590017,EMOBON_BPNS_Wa_26
EMOBON 210825 330 WaSOP1 0.2um R2,EMOBON metagenome water sample from station BPNS collected on 2021-08-25 size fraction 0.2-3um,https://www.ncbi.nlm.nih.gov/taxonomy/browser/wwwtax.cgi?id=1874687,marine plankton metagenome,metagenome,http://purl.obolibrary.org/obo/ENVO_00002149;http://purl.obolibrary.org/obo/ENVO_00002150;http://purl.obolibrary.org/obo/ENVO_00002042,2021-08-25,BPNS_Wa_210825,Sander Delacauw,https://orcid.org/0000-0002-5400-2891,ebb_tide,,18.66,2,7,0.25,0.2-3,0.2,3,true,Niskin Bottle,WaSOP1,,2021-08-25,MSO LifeWatch Lab -80 Freezer,-80,Sander Delacauw,https://orcid.org/0000-0002-5400-2891,Rune Lagaisse,https://orcid.org/0000-0001-9191-9140,false,2021-10-05,2021-10-08,-70,2021-11-24,2021-11-24,batch_1,false,,https://identifiers.org/ena.embl:ERS16590018,EMOBON_BPNS_Wa_27
EMOBON 210825 330 WaSOP1 0.2um R3,EMOBON metagenome water sample from station BPNS collected on 2021-08-25 size fraction 0.2-3um,https://www.ncbi.nlm.nih.gov/taxonomy/browser/wwwtax.cgi?id=1874687,marine plankton metagenome,metagenome,http://purl.obolibrary.org/obo/ENVO_00002149;http://purl.obolibrary.org/obo/ENVO_00002150;http://purl.obolibrary.org/obo/ENVO_00002042,2021-08-25,BPNS_Wa_210825,Sander Delacauw,https://orcid.org/0000-0002-5400-2891,ebb_tide,,18.66,3,7,0.25,0.2-3,0.2,3,true,Niskin Bottle,WaSOP1,,2021-08-25,MSO LifeWatch Lab -80 Freezer,-80,Sander Delacauw,https://orcid.org/0000-0002-5400-2891,Rune Lagaisse,https://orcid.org/0000-0001-9191-9140,true,,,,,,,,,,EMOBON_BPNS_Wa_28
EMOBON 210825 330 WaSOP1 0.2um R4,EMOBON metagenome water sample from station BPNS collected on 2021-08-25 size fraction 0.2-3um,https://www.ncbi.nlm.nih.gov/taxonomy/browser/wwwtax.cgi?id=1874687,marine plankton metagenome,metagenome,http://purl.obolibrary.org/obo/ENVO_00002149;http://purl.obolibrary.org/obo/ENVO_00002150;http://purl.obolibrary.org/obo/ENVO_00002042,2021-08-25,BPNS_Wa_210825,Sander Delacauw,https://orcid.org/0000-0002-5400-2891,ebb_tide,,18.66,4,7,0.25,0.2-3,0.2,3,true,Niskin Bottle,WaSOP1,,2021-08-25,MSO LifeWatch Lab -80 Freezer,-80,Sander Delacauw,https://orcid.org/0000-0002-5400-2891,Rune Lagaisse,https://orcid.org/0000-0001-9191-9140,true,,,,,,,,,,EMOBON_BPNS_Wa_29
EMOBON 210825 330 WaSOP1 0.2um Blank,EMOBON metagenome water sample from station BPNS collected on 2021-08-25 size fraction 0.2-3um,https://www.ncbi.nlm.nih.gov/taxonomy/browser/wwwtax.cgi?id=256318,metagenome,metagenome,http://purl.obolibrary.org/obo/ENVO_00003065,2021-08-25,BPNS_Wa_210825,Sander Delacauw,https://orcid.org/0000-0002-5400-2891,,,,blank_1,7,0.033333,0.2-3,0.2,3,false,,WaSOP1,,2021-08-25,MSO LifeWatch Lab -80 Freezer,-80,Sander Delacauw,https://orcid.org/0000-0002-5400-2891,Rune Lagaisse,https://orcid.org/0000-0001-9191-9140,true,,,,,,,,,,EMOBON_BPNS_Wa_30
EMOBON 210825 330 WaSOP2 20um R1,EMOBON metagenome water sample from station BPNS collected on 2021-08-25 size fraction 20um,https://www.ncbi.nlm.nih.gov/taxonomy/browser/wwwtax.cgi?id=1874687,marine plankton metagenome,metagenome,http://purl.obolibrary.org/obo/ENVO_00002149;http://purl.obolibrary.org/obo/ENVO_00002150,2021-08-25,BPNS_Wa_210825,Sander Delacauw,https://orcid.org/0000-0002-5400-2891,ebb_tide,,18.66,1,0.25,0.083333,20,20,,false,Apstein,WaSOP2,,2021-08-25,MSO LifeWatch Lab -80 Freezer,-80,Sander Delacauw,https://orcid.org/0000-0002-5400-2891,Rune Lagaisse,https://orcid.org/0000-0001-9191-9140,true,,,,,,,,,,EMOBON_BPNS_Wa_31
EMOBON 210825 330 WaSOP2 20um R2,EMOBON metagenome water sample from station BPNS collected on 2021-08-25 size fraction 20um,https://www.ncbi.nlm.nih.gov/taxonomy/browser/wwwtax.cgi?id=1874687,marine plankton metagenome,metagenome,http://purl.obolibrary.org/obo/ENVO_00002149;http://purl.obolibrary.org/obo/ENVO_00002150,2021-08-25,BPNS_Wa_210825,Sander Delacauw,https://orcid.org/0000-0002-5400-2891,ebb_tide,,18.66,2,0.25,0.083333,20,20,,false,Apstein,WaSOP2,,2021-08-25,MSO LifeWatch Lab -80 Freezer,-80,Sander Delacauw,https://orcid.org/0000-0002-5400-2891,Rune Lagaisse,https://orcid.org/0000-0001-9191-9140,true,,,,,,,,,,EMOBON_BPNS_Wa_32
EMOBON 210825 330 WaSOP2 20um R3,EMOBON metagenome water sample from station BPNS collected on 2021-08-25 size fraction 20um,https://www.ncbi.nlm.nih.gov/taxonomy/browser/wwwtax.cgi?id=1874687,marine plankton metagenome,metagenome,http://purl.obolibrary.org/obo/ENVO_00002149;http://purl.obolibrary.org/obo/ENVO_00002150,2021-08-25,BPNS_Wa_210825,Sander Delacauw,https://orcid.org/0000-0002-5400-2891,ebb_tide,,18.66,3,0.25,0.083333,20,20,,false,Apstein,WaSOP2,,2021-08-25,MSO LifeWatch Lab -80 Freezer,-80,Sander Delacauw,https://orcid.org/0000-0002-5400-2891,Rune Lagaisse,https://orcid.org/0000-0001-9191-9140,true,,,,,,,,,,EMOBON_BPNS_Wa_33
EMOBON 210825 330 WaSOP2 20um R4,EMOBON metagenome water sample from station BPNS collected on 2021-08-25 size fraction 20um,https://www.ncbi.nlm.nih.gov/taxonomy/browser/wwwtax.cgi?id=1874687,marine plankton metagenome,metagenome,http://purl.obolibrary.org/obo/ENVO_00002149;http://purl.obolibrary.org/obo/ENVO_00002150,2021-08-25,BPNS_Wa_210825,Sander Delacauw,https://orcid.org/0000-0002-5400-2891,ebb_tide,,18.66,4,0.25,0.083333,20,20,,false,Apstein,WaSOP2,,2021-08-25,MSO LifeWatch Lab -80 Freezer,-80,Sander Delacauw,https://orcid.org/0000-0002-5400-2891,Rune Lagaisse,https://orcid.org/0000-0001-9191-9140,true,,,,,,,,,,EMOBON_BPNS_Wa_34
EMOBON 210825 330 WaSOP2 20um Blank,EMOBON metagenome water sample from station BPNS collected on 2021-08-25 size fraction 20um,https://www.ncbi.nlm.nih.gov/taxonomy/browser/wwwtax.cgi?id=256318,metagenome,metagenome,http://purl.obolibrary.org/obo/ENVO_00003065,2021-08-25,BPNS_Wa_210825,Sander Delacauw,https://orcid.org/0000-0002-5400-2891,,,,blank_1,0.25,0.166667,20,20,,false,,WaSOP2,,2021-08-25,MSO LifeWatch Lab -80 Freezer,-80,Sander Delacauw,https://orcid.org/0000-0002-5400-2891,Rune Lagaisse,https://orcid.org/0000-0001-9191-9140,true,,,,,,,,,,EMOBON_BPNS_Wa_35
EMOBON 210825 330 WaSOP3 200um R1,EMOBON metagenome water sample from station BPNS collected on 2021-08-25 size fraction 200um,https://www.ncbi.nlm.nih.gov/taxonomy/browser/wwwtax.cgi?id=1874687,marine plankton metagenome,metagenome,http://purl.obolibrary.org/obo/ENVO_00002149;http://purl.obolibrary.org/obo/ENVO_00002150,2021-08-25,BPNS_Wa_210825,Sander Delacauw,https://orcid.org/0000-0002-5400-2891,ebb_tide,,18.66,1,0.25,0.083333,200,200,,false,WP2,WaSOP3,,2021-08-25,MSO LifeWatch Lab -80 Freezer,-80,Sander Delacauw,https://orcid.org/0000-0002-5400-2891,Rune Lagaisse,https://orcid.org/0000-0001-9191-9140,true,,,,,,,,,,EMOBON_BPNS_Wa_36
EMOBON 210825 330 WaSOP3 200um R2,EMOBON metagenome water sample from station BPNS collected on 2021-08-25 size fraction 200um,https://www.ncbi.nlm.nih.gov/taxonomy/browser/wwwtax.cgi?id=1874687,marine plankton metagenome,metagenome,http://purl.obolibrary.org/obo/ENVO_00002149;http://purl.obolibrary.org/obo/ENVO_00002150,2021-08-25,BPNS_Wa_210825,Sander Delacauw,https://orcid.org/0000-0002-5400-2891,ebb_tide,,18.66,2,0.25,0.083333,200,200,,false,WP2,WaSOP3,,2021-08-25,MSO LifeWatch Lab -80 Freezer,-80,Sander Delacauw,https://orcid.org/0000-0002-5400-2891,Rune Lagaisse,https://orcid.org/0000-0001-9191-9140,true,,,,,,,,,,EMOBON_BPNS_Wa_37
EMOBON 210825 330 WaSOP3 200um R3,EMOBON metagenome water sample from station BPNS collected on 2021-08-25 size fraction 200um,https://www.ncbi.nlm.nih.gov/taxonomy/browser/wwwtax.cgi?id=1874687,marine plankton metagenome,metagenome,http://purl.obolibrary.org/obo/ENVO_00002149;http://purl.obolibrary.org/obo/ENVO_00002150,2021-08-25,BPNS_Wa_210825,Sander Delacauw,https://orcid.org/0000-0002-5400-2891,ebb_tide,,18.66,3,0.25,0.083333,200,200,,false,WP2,WaSOP3,,2021-08-25,MSO LifeWatch Lab -80 Freezer,-80,Sander Delacauw,https://orcid.org/0000-0002-5400-2891,Rune Lagaisse,https://orcid.org/0000-0001-9191-9140,true,,,,,,,,,,EMOBON_BPNS_Wa_38
EMOBON 210825 330 WaSOP3 200um R4,EMOBON metagenome water sample from station BPNS collected on 2021-08-25 size fraction 200um,https://www.ncbi.nlm.nih.gov/taxonomy/browser/wwwtax.cgi?id=1874687,marine plankton metagenome,metagenome,http://purl.obolibrary.org/obo/ENVO_00002149;http://purl.obolibrary.org/obo/ENVO_00002150,2021-08-25,BPNS_Wa_210825,Sander Delacauw,https://orcid.org/0000-0002-5400-2891,ebb_tide,,18.66,4,0.25,0.083333,200,200,,false,WP2,WaSOP3,,2021-08-25,MSO LifeWatch Lab -80 Freezer,-80,Sander Delacauw,https://orcid.org/0000-0002-5400-2891,Rune Lagaisse,https://orcid.org/0000-0001-9191-9140,true,,,,,,,,,,EMOBON_BPNS_Wa_39
EMOBON 210825 330 WaSOP3 200um Blank,EMOBON metagenome water sample from station BPNS collected on 2021-08-25 size fraction 200um,https://www.ncbi.nlm.nih.gov/taxonomy/browser/wwwtax.cgi?id=256318,metagenome,metagenome,http://purl.obolibrary.org/obo/ENVO_00003065,2021-08-25,BPNS_Wa_210825,Sander Delacauw,https://orcid.org/0000-0002-5400-2891,,,,blank_1,0.25,0.166667,200,200,,false,,WaSOP3,,2021-08-25,MSO LifeWatch Lab -80 Freezer,-80,Sander Delacauw,https://orcid.org/0000-0002-5400-2891,Rune Lagaisse,https://orcid.org/0000-0001-9191-9140,true,,,,,,,,,,EMOBON_BPNS_Wa_40
EMOBON 211028 BPNS Wa 3 R1,EMOBON metagenome water sample from station BPNS collected on 2021-10-28 size fraction 3-200um,https://www.ncbi.nlm.nih.gov/taxonomy/browser/wwwtax.cgi?id=1874687,marine plankton metagenome,metagenome,http://purl.obolibrary.org/obo/ENVO_00002149;http://purl.obolibrary.org/obo/ENVO_00002150;http://purl.obolibrary.org/obo/ENVO_00002042,2021-10-28,BPNS_Wa_211028,Sander Delacauw,https://orcid.org/0000-0002-5400-2891,ebb_tide,,18.66,1,10,0.25,3-200,3,200,true,Niskin Bottle,WaSOP1,,2021-10-28,MSO LifeWatch Lab -80 Freezer,-80,Sander Delacauw,https://orcid.org/0000-0002-5400-2891,Rune Lagaisse,https://orcid.org/0000-0001-9191-9140,false,2022-01-10,2022-01-18,-70,2022-02-22,2022-02-23,batch_2,false,,https://identifiers.org/ena.embl:ERS20568937,EMOBON_BPNS_Wa_41
EMOBON 211028 BPNS Wa 3 R2,EMOBON metagenome water sample from station BPNS collected on 2021-10-28 size fraction 3-200um,https://www.ncbi.nlm.nih.gov/taxonomy/browser/wwwtax.cgi?id=1874687,marine plankton metagenome,metagenome,http://purl.obolibrary.org/obo/ENVO_00002149;http://purl.obolibrary.org/obo/ENVO_00002150;http://purl.obolibrary.org/obo/ENVO_00002042,2021-10-28,BPNS_Wa_211028,Sander Delacauw,https://orcid.org/0000-0002-5400-2891,ebb_tide,,18.66,2,10,0.25,3-200,3,200,true,Niskin Bottle,WaSOP1,,2021-10-28,MSO LifeWatch Lab -80 Freezer,-80,Sander Delacauw,https://orcid.org/0000-0002-5400-2891,Rune Lagaisse,https://orcid.org/0000-0001-9191-9140,false,2022-01-10,2022-01-18,-70,2022-02-22,2022-02-23,batch_2,false,,https://identifiers.org/ena.embl:ERS20568938,EMOBON_BPNS_Wa_42
EMOBON 211028 BPNS Wa 3 R3,EMOBON metagenome water sample from station BPNS collected on 2021-10-28 size fraction 3-200um,https://www.ncbi.nlm.nih.gov/taxonomy/browser/wwwtax.cgi?id=1874687,marine plankton metagenome,metagenome,http://purl.obolibrary.org/obo/ENVO_00002149;http://purl.obolibrary.org/obo/ENVO_00002150;http://purl.obolibrary.org/obo/ENVO_00002042,2021-10-28,BPNS_Wa_211028,Sander Delacauw,https://orcid.org/0000-0002-5400-2891,ebb_tide,,18.66,3,10,0.25,3-200,3,200,true,Niskin Bottle,WaSOP1,,2021-10-28,MSO LifeWatch Lab -80 Freezer,-80,Sander Delacauw,https://orcid.org/0000-0002-5400-2891,Rune Lagaisse,https://orcid.org/0000-0001-9191-9140,true,,,,,,,,,,EMOBON_BPNS_Wa_43
EMOBON 211028 BPNS Wa 3 R4,EMOBON metagenome water sample from station BPNS collected on 2021-10-28 size fraction 3-200um,https://www.ncbi.nlm.nih.gov/taxonomy/browser/wwwtax.cgi?id=1874687,marine plankton metagenome,metagenome,http://purl.obolibrary.org/obo/ENVO_00002149;http://purl.obolibrary.org/obo/ENVO_00002150;http://purl.obolibrary.org/obo/ENVO_00002042,2021-10-28,BPNS_Wa_211028,Sander Delacauw,https://orcid.org/0000-0002-5400-2891,ebb_tide,,18.66,4,10,0.25,3-200,3,200,true,Niskin Bottle,WaSOP1,,2021-10-28,MSO LifeWatch Lab -80 Freezer,-80,Sander Delacauw,https://orcid.org/0000-0002-5400-2891,Rune Lagaisse,https://orcid.org/0000-0001-9191-9140,true,,,,,,,,,,EMOBON_BPNS_Wa_44
EMOBON 211028 BPNS Wa 3 Blank,EMOBON metagenome water sample from station BPNS collected on 2021-10-28 size fraction 3-200um,https://www.ncbi.nlm.nih.gov/taxonomy/browser/wwwtax.cgi?id=256318,metagenome,metagenome,http://purl.obolibrary.org/obo/ENVO_00003065,2021-10-28,BPNS_Wa_211028,Sander Delacauw,https://orcid.org/0000-0002-5400-2891,,,,blank_1,10,0.033333,3-200,3,200,false,,WaSOP1,,2021-10-28,MSO LifeWatch Lab -80 Freezer,-80,Sander Delacauw,https://orcid.org/0000-0002-5400-2891,Rune Lagaisse,https://orcid.org/0000-0001-9191-9140,false,2022-01-10,2022-01-18,-70,2022-02-22,2022-02-23,batch_2,true,blank; non-quantifiable DNA after extraction,,EMOBON_BPNS_Wa_45
EMOBON 211028 BPNS Wa 0.2 R1,EMOBON metagenome water sample from station BPNS collected on 2021-10-28 size fraction 0.2-3um,https://www.ncbi.nlm.nih.gov/taxonomy/browser/wwwtax.cgi?id=1874687,marine plankton metagenome,metagenome,http://purl.obolibrary.org/obo/ENVO_00002149;http://purl.obolibrary.org/obo/ENVO_00002150;http://purl.obolibrary.org/obo/ENVO_00002042,2021-10-28,BPNS_Wa_211028,Sander Delacauw,https://orcid.org/0000-0002-5400-2891,ebb_tide,,18.66,1,10,0.25,0.2-3,0.2,3,true,Niskin Bottle,WaSOP1,,2021-10-28,MSO LifeWatch Lab -80 Freezer,-80,Sander Delacauw,https://orcid.org/0000-0002-5400-2891,Rune Lagaisse,https://orcid.org/0000-0001-9191-9140,false,2022-01-10,2022-01-18,-70,2022-02-22,2022-02-23,batch_2,false,,https://identifiers.org/ena.embl:ERS20568939,EMOBON_BPNS_Wa_46
EMOBON 211028 BPNS Wa 0.2 R2,EMOBON metagenome water sample from station BPNS collected on 2021-10-28 size fraction 0.2-3um,https://www.ncbi.nlm.nih.gov/taxonomy/browser/wwwtax.cgi?id=1874687,marine plankton metagenome,metagenome,http://purl.obolibrary.org/obo/ENVO_00002149;http://purl.obolibrary.org/obo/ENVO_00002150;http://purl.obolibrary.org/obo/ENVO_00002042,2021-10-28,BPNS_Wa_211028,Sander Delacauw,https://orcid.org/0000-0002-5400-2891,ebb_tide,,18.66,2,10,0.25,0.2-3,0.2,3,true,Niskin Bottle,WaSOP1,,2021-10-28,MSO LifeWatch Lab -80 Freezer,-80,Sander Delacauw,https://orcid.org/0000-0002-5400-2891,Rune Lagaisse,https://orcid.org/0000-0001-9191-9140,false,2022-01-10,2022-01-18,-70,2022-02-22,2022-02-23,batch_2,false,,https://identifiers.org/ena.embl:ERS20568940,EMOBON_BPNS_Wa_47
EMOBON 211028 BPNS Wa 0.2 R3,EMOBON metagenome water sample from station BPNS collected on 2021-10-28 size fraction 0.2-3um,https://www.ncbi.nlm.nih.gov/taxonomy/browser/wwwtax.cgi?id=1874687,marine plankton metagenome,metagenome,http://purl.obolibrary.org/obo/ENVO_00002149;http://purl.obolibrary.org/obo/ENVO_00002150;http://purl.obolibrary.org/obo/ENVO_00002042,2021-10-28,BPNS_Wa_211028,Sander Delacauw,https://orcid.org/0000-0002-5400-2891,ebb_tide,,18.66,3,10,0.25,0.2-3,0.2,3,true,Niskin Bottle,WaSOP1,,2021-10-28,MSO LifeWatch Lab -80 Freezer,-80,Sander Delacauw,https://orcid.org/0000-0002-5400-2891,Rune Lagaisse,https://orcid.org/0000-0001-9191-9140,true,,,,,,,,,,EMOBON_BPNS_Wa_48
EMOBON 211028 BPNS Wa 0.2 R4,EMOBON metagenome water sample from station BPNS collected on 2021-10-28 size fraction 0.2-3um,https://www.ncbi.nlm.nih.gov/taxonomy/browser/wwwtax.cgi?id=1874687,marine plankton metagenome,metagenome,http://purl.obolibrary.org/obo/ENVO_00002149;http://purl.obolibrary.org/obo/ENVO_00002150;http://purl.obolibrary.org/obo/ENVO_00002042,2021-10-28,BPNS_Wa_211028,Sander Delacauw,https://orcid.org/0000-0002-5400-2891,ebb_tide,,18.66,4,10,0.25,0.2-3,0.2,3,true,Niskin Bottle,WaSOP1,,2021-10-28,MSO LifeWatch Lab -80 Freezer,-80,Sander Delacauw,https://orcid.org/0000-0002-5400-2891,Rune Lagaisse,https://orcid.org/0000-0001-9191-9140,true,,,,,,,,,,EMOBON_BPNS_Wa_49
EMOBON 211028 BPNS Wa 0.2 Blank,EMOBON metagenome water sample from station BPNS collected on 2021-10-28 size fraction 0.2-3um,https://www.ncbi.nlm.nih.gov/taxonomy/browser/wwwtax.cgi?id=256318,metagenome,metagenome,http://purl.obolibrary.org/obo/ENVO_00003065,2021-10-28,BPNS_Wa_211028,Sander Delacauw,https://orcid.org/0000-0002-5400-2891,,,,blank_1,10,0.033333,0.2-3,0.2,3,false,,WaSOP1,,2021-10-28,MSO LifeWatch Lab -80 Freezer,-80,Sander Delacauw,https://orcid.org/0000-0002-5400-2891,Rune Lagaisse,https://orcid.org/0000-0001-9191-9140,false,2022-01-10,2022-01-18,-70,2022-02-22,2022-02-23,batch_2,true,blank; non-quantifiable DNA after extraction,,EMOBON_BPNS_Wa_50
EMOBON 211028 BPNS Wa 20 R1,EMOBON metagenome water sample from station BPNS collected on 2021-10-28 size fraction 20um,https://www.ncbi.nlm.nih.gov/taxonomy/browser/wwwtax.cgi?id=1874687,marine plankton metagenome,metagenome,http://purl.obolibrary.org/obo/ENVO_00002149;http://purl.obolibrary.org/obo/ENVO_00002150,2021-10-28,BPNS_Wa_211028,Sander Delacauw,https://orcid.org/0000-0002-5400-2891,ebb_tide,,18.66,1,0.25,0.033333,20,20,,false,Apstein,WaSOP2,,2021-10-28,MSO LifeWatch Lab -80 Freezer,-80,Sander Delacauw,https://orcid.org/0000-0002-5400-2891,Rune Lagaisse,https://orcid.org/0000-0001-9191-9140,true,,,,,,,,,,EMOBON_BPNS_Wa_51
EMOBON 211028 BPNS Wa 20 R2,EMOBON metagenome water sample from station BPNS collected on 2021-10-28 size fraction 20um,https://www.ncbi.nlm.nih.gov/taxonomy/browser/wwwtax.cgi?id=1874687,marine plankton metagenome,metagenome,http://purl.obolibrary.org/obo/ENVO_00002149;http://purl.obolibrary.org/obo/ENVO_00002150,2021-10-28,BPNS_Wa_211028,Sander Delacauw,https://orcid.org/0000-0002-5400-2891,ebb_tide,,18.66,2,0.25,0.033333,20,20,,false,Apstein,WaSOP2,,2021-10-28,MSO LifeWatch Lab -80 Freezer,-80,Sander Delacauw,https://orcid.org/0000-0002-5400-2891,Rune Lagaisse,https://orcid.org/0000-0001-9191-9140,true,,,,,,,,,,EMOBON_BPNS_Wa_52
EMOBON 211028 BPNS Wa 20 R3,EMOBON metagenome water sample from station BPNS collected on 2021-10-28 size fraction 20um,https://www.ncbi.nlm.nih.gov/taxonomy/browser/wwwtax.cgi?id=1874687,marine plankton metagenome,metagenome,http://purl.obolibrary.org/obo/ENVO_00002149;http://purl.obolibrary.org/obo/ENVO_00002150,2021-10-28,BPNS_Wa_211028,Sander Delacauw,https://orcid.org/0000-0002-5400-2891,ebb_tide,,18.66,3,0.25,0.033333,20,20,,false,Apstein,WaSOP2,,2021-10-28,MSO LifeWatch Lab -80 Freezer,-80,Sander Delacauw,https://orcid.org/0000-0002-5400-2891,Rune Lagaisse,https://orcid.org/0000-0001-9191-9140,true,,,,,,,,,,EMOBON_BPNS_Wa_53
EMOBON 211028 BPNS Wa 20 R4,EMOBON metagenome water sample from station BPNS collected on 2021-10-28 size fraction 20um,https://www.ncbi.nlm.nih.gov/taxonomy/browser/wwwtax.cgi?id=1874687,marine plankton metagenome,metagenome,http://purl.obolibrary.org/obo/ENVO_00002149;http://purl.obolibrary.org/obo/ENVO_00002150,2021-10-28,BPNS_Wa_211028,Sander Delacauw,https://orcid.org/0000-0002-5400-2891,ebb_tide,,18.66,4,0.25,0.033333,20,20,,false,Apstein,WaSOP2,,2021-10-28,MSO LifeWatch Lab -80 Freezer,-80,Sander Delacauw,https://orcid.org/0000-0002-5400-2891,Rune Lagaisse,https://orcid.org/0000-0001-9191-9140,true,,,,,,,,,,EMOBON_BPNS_Wa_54
EMOBON 211028 BPNS Wa 20 Blank,EMOBON metagenome water sample from station BPNS collected on 2021-10-28 size fraction 20um,https://www.ncbi.nlm.nih.gov/taxonomy/browser/wwwtax.cgi?id=256318,metagenome,metagenome,http://purl.obolibrary.org/obo/ENVO_00003065,2021-10-28,BPNS_Wa_211028,Sander Delacauw,https://orcid.org/0000-0002-5400-2891,,,,blank_1,0.25,0.166667,20,20,,false,Na,WaSOP2,,2021-10-28,MSO LifeWatch Lab -80 Freezer,-80,Sander Delacauw,https://orcid.org/0000-0002-5400-2891,Rune Lagaisse,https://orcid.org/0000-0001-9191-9140,true,,,,,,,,,,EMOBON_BPNS_Wa_55
EMOBON 211028 BPNS Wa 200 R1,EMOBON metagenome water sample from station BPNS collected on 2021-10-28 size fraction 200um,https://www.ncbi.nlm.nih.gov/taxonomy/browser/wwwtax.cgi?id=1874687,marine plankton metagenome,metagenome,http://purl.obolibrary.org/obo/ENVO_00002149;http://purl.obolibrary.org/obo/ENVO_00002150,2021-10-28,BPNS_Wa_211028,Sander Delacauw,https://orcid.org/0000-0002-5400-2891,ebb_tide,,18.66,1,0.25,0.05,200,200,,false,WP2,WaSOP3,,2021-10-28,MSO LifeWatch Lab -80 Freezer,-80,Sander Delacauw,https://orcid.org/0000-0002-5400-2891,Rune Lagaisse,https://orcid.org/0000-0001-9191-9140,true,,,,,,,,,,EMOBON_BPNS_Wa_56
EMOBON 211028 BPNS Wa 200 R2,EMOBON metagenome water sample from station BPNS collected on 2021-10-28 size fraction 200um,https://www.ncbi.nlm.nih.gov/taxonomy/browser/wwwtax.cgi?id=1874687,marine plankton metagenome,metagenome,http://purl.obolibrary.org/obo/ENVO_00002149;http://purl.obolibrary.org/obo/ENVO_00002150,2021-10-28,BPNS_Wa_211028,Sander Delacauw,https://orcid.org/0000-0002-5400-2891,ebb_tide,,18.66,2,0.25,0.05,200,200,,false,WP2,WaSOP3,,2021-10-28,MSO LifeWatch Lab -80 Freezer,-80,Sander Delacauw,https://orcid.org/0000-0002-5400-2891,Rune Lagaisse,https://orcid.org/0000-0001-9191-9140,true,,,,,,,,,,EMOBON_BPNS_Wa_57
EMOBON 211028 BPNS Wa 200 R3,EMOBON metagenome water sample from station BPNS collected on 2021-10-28 size fraction 200um,https://www.ncbi.nlm.nih.gov/taxonomy/browser/wwwtax.cgi?id=1874687,marine plankton metagenome,metagenome,http://purl.obolibrary.org/obo/ENVO_00002149;http://purl.obolibrary.org/obo/ENVO_00002150,2021-10-28,BPNS_Wa_211028,Sander Delacauw,https://orcid.org/0000-0002-5400-2891,ebb_tide,,18.66,3,0.25,0.05,200,200,,false,WP2,WaSOP3,,2021-10-28,MSO LifeWatch Lab -80 Freezer,-80,Sander Delacauw,https://orcid.org/0000-0002-5400-2891,Rune Lagaisse,https://orcid.org/0000-0001-9191-9140,true,,,,,,,,,,EMOBON_BPNS_Wa_58
EMOBON 211028 BPNS Wa 200 R4,EMOBON metagenome water sample from station BPNS collected on 2021-10-28 size fraction 200um,https://www.ncbi.nlm.nih.gov/taxonomy/browser/wwwtax.cgi?id=1874687,marine plankton metagenome,metagenome,http://purl.obolibrary.org/obo/ENVO_00002149;http://purl.obolibrary.org/obo/ENVO_00002150,2021-10-28,BPNS_Wa_211028,Sander Delacauw,https://orcid.org/0000-0002-5400-2891,ebb_tide,,18.66,4,0.25,0.05,200,200,,false,WP2,WaSOP3,,2021-10-28,MSO LifeWatch Lab -80 Freezer,-80,Sander Delacauw,https://orcid.org/0000-0002-5400-2891,Rune Lagaisse,https://orcid.org/0000-0001-9191-9140,true,,,,,,,,,,EMOBON_BPNS_Wa_59
EMOBON 211028 BPNS Wa 200 Blank,EMOBON metagenome water sample from station BPNS collected on 2021-10-28 size fraction 200um,https://www.ncbi.nlm.nih.gov/taxonomy/browser/wwwtax.cgi?id=256318,metagenome,metagenome,http://purl.obolibrary.org/obo/ENVO_00003065,2021-10-28,BPNS_Wa_211028,Sander Delacauw,https://orcid.org/0000-0002-5400-2891,,,,blank_1,0.25,0.166667,200,200,,false,,WaSOP3,,2021-10-28,MSO LifeWatch Lab -80 Freezer,-80,Sander Delacauw,https://orcid.org/0000-0002-5400-2891,Rune Lagaisse,https://orcid.org/0000-0001-9191-9140,false,,,,,,,,,,EMOBON_BPNS_Wa_60
EMOBON 211223 BPNS Wa 3 R1,EMOBON metagenome water sample from station BPNS collected on 2021-12-23 size fraction 3-200um,https://www.ncbi.nlm.nih.gov/taxonomy/browser/wwwtax.cgi?id=1874687,marine plankton metagenome,metagenome,http://purl.obolibrary.org/obo/ENVO_00002149;http://purl.obolibrary.org/obo/ENVO_00002150;http://purl.obolibrary.org/obo/ENVO_00002042,2021-12-23,BPNS_Wa_211223,Sander Delacauw,https://orcid.org/0000-0002-5400-2891,ebb_tide,,21.2,1,10,0.25,3-200,3,200,true,Bucket,WaSOP1,sample was taking by hauling buckets of surface water; depth was not acquired from the CTD measurement but it was estimated from the researchers,2021-12-23,MSO LifeWatch Lab -80 Freezer,-80,Sander Delacauw,https://orcid.org/0000-0002-5400-2891,Rune Lagaisse,https://orcid.org/0000-0001-9191-9140,false,2022-01-10,2022-01-18,-70,2022-02-22,2022-02-23,batch_2,false,,https://identifiers.org/ena.embl:ERS20568941,EMOBON_BPNS_Wa_61
EMOBON 211223 BPNS Wa 3 R2,EMOBON metagenome water sample from station BPNS collected on 2021-12-23 size fraction 3-200um,https://www.ncbi.nlm.nih.gov/taxonomy/browser/wwwtax.cgi?id=1874687,marine plankton metagenome,metagenome,http://purl.obolibrary.org/obo/ENVO_00002149;http://purl.obolibrary.org/obo/ENVO_00002150;http://purl.obolibrary.org/obo/ENVO_00002042,2021-12-23,BPNS_Wa_211223,Sander Delacauw,https://orcid.org/0000-0002-5400-2891,ebb_tide,,21.2,2,10,0.25,3-200,3,200,true,Bucket,WaSOP1,sample was taking by hauling buckets of surface water; depth was not acquired from the CTD measurement but it was estimated from the researchers,2021-12-23,MSO LifeWatch Lab -80 Freezer,-80,Sander Delacauw,https://orcid.org/0000-0002-5400-2891,Rune Lagaisse,https://orcid.org/0000-0001-9191-9140,false,2022-01-10,2022-01-18,-70,2022-02-22,2022-02-23,batch_2,false,,https://identifiers.org/ena.embl:ERS20568942,EMOBON_BPNS_Wa_62
EMOBON 211223 BPNS Wa 3 R3,EMOBON metagenome water sample from station BPNS collected on 2021-12-23 size fraction 3-200um,https://www.ncbi.nlm.nih.gov/taxonomy/browser/wwwtax.cgi?id=1874687,marine plankton metagenome,metagenome,http://purl.obolibrary.org/obo/ENVO_00002149;http://purl.obolibrary.org/obo/ENVO_00002150;http://purl.obolibrary.org/obo/ENVO_00002042,2021-12-23,BPNS_Wa_211223,Sander Delacauw,https://orcid.org/0000-0002-5400-2891,ebb_tide,,21.2,3,10,0.25,3-200,3,200,true,Bucket,WaSOP1,sample was taking by hauling buckets of surface water; depth was not acquired from the CTD measurement but it was estimated from the researchers,2021-12-23,MSO LifeWatch Lab -80 Freezer,-80,Sander Delacauw,https://orcid.org/0000-0002-5400-2891,Rune Lagaisse,https://orcid.org/0000-0001-9191-9140,true,,,,,,,,,,EMOBON_BPNS_Wa_63
EMOBON 211223 BPNS Wa 3 R4,EMOBON metagenome water sample from station BPNS collected on 2021-12-23 size fraction 3-200um,https://www.ncbi.nlm.nih.gov/taxonomy/browser/wwwtax.cgi?id=1874687,marine plankton metagenome,metagenome,http://purl.obolibrary.org/obo/ENVO_00002149;http://purl.obolibrary.org/obo/ENVO_00002150;http://purl.obolibrary.org/obo/ENVO_00002042,2021-12-23,BPNS_Wa_211223,Sander Delacauw,https://orcid.org/0000-0002-5400-2891,ebb_tide,,21.2,4,10,0.25,3-200,3,200,true,Bucket,WaSOP1,sample was taking by hauling buckets of surface water; depth was not acquired from the CTD measurement but it was estimated from the researchers,2021-12-23,MSO LifeWatch Lab -80 Freezer,-80,Sander Delacauw,https://orcid.org/0000-0002-5400-2891,Rune Lagaisse,https://orcid.org/0000-0001-9191-9140,true,,,,,,,,,,EMOBON_BPNS_Wa_64
EMOBON 211223 BPNS Wa 3 Blank,EMOBON metagenome water sample from station BPNS collected on 2021-12-23 size fraction 3-200um,https://www.ncbi.nlm.nih.gov/taxonomy/browser/wwwtax.cgi?id=256318,metagenome,metagenome,http://purl.obolibrary.org/obo/ENVO_00003065,2021-12-23,BPNS_Wa_211223,Sander Delacauw,https://orcid.org/0000-0002-5400-2891,,,,blank_1,10,0.25,3-200,3,200,true,,WaSOP1,sample was taking by hauling buckets of surface water; depth was not acquired from the CTD measurement but it was estimated from the researchers,2021-12-23,MSO LifeWatch Lab -80 Freezer,-80,Sander Delacauw,https://orcid.org/0000-0002-5400-2891,Rune Lagaisse,https://orcid.org/0000-0001-9191-9140,true,,,,,,,,,,EMOBON_BPNS_Wa_65
EMOBON 211223 BPNS Wa 0.2 R1,EMOBON metagenome water sample from station BPNS collected on 2021-12-23 size fraction 0.2-3um,https://www.ncbi.nlm.nih.gov/taxonomy/browser/wwwtax.cgi?id=1874687,marine plankton metagenome,metagenome,http://purl.obolibrary.org/obo/ENVO_00002149;http://purl.obolibrary.org/obo/ENVO_00002150;http://purl.obolibrary.org/obo/ENVO_00002042,2021-12-23,BPNS_Wa_211223,Sander Delacauw,https://orcid.org/0000-0002-5400-2891,ebb_tide,,21.2,1,10,0.25,0.2-3,0.2,3,true,Bucket,WaSOP1,sample was taking by hauling buckets of surface water; depth was not acquired from the CTD measurement but it was estimated from the researchers,2021-12-23,MSO LifeWatch Lab -80 Freezer,-80,Sander Delacauw,https://orcid.org/0000-0002-5400-2891,Rune Lagaisse,https://orcid.org/0000-0001-9191-9140,false,2022-01-10,2022-01-18,-70,2022-02-22,2022-02-23,batch_2,false,,https://identifiers.org/ena.embl:ERS20568943,EMOBON_BPNS_Wa_66
EMOBON 211223 BPNS Wa 0.2 R2,EMOBON metagenome water sample from station BPNS collected on 2021-12-23 size fraction 0.2-3um,https://www.ncbi.nlm.nih.gov/taxonomy/browser/wwwtax.cgi?id=1874687,marine plankton metagenome,metagenome,http://purl.obolibrary.org/obo/ENVO_00002149;http://purl.obolibrary.org/obo/ENVO_00002150;http://purl.obolibrary.org/obo/ENVO_00002042,2021-12-23,BPNS_Wa_211223,Sander Delacauw,https://orcid.org/0000-0002-5400-2891,ebb_tide,,21.2,2,10,0.25,0.2-3,0.2,3,true,Bucket,WaSOP1,sample was taking by hauling buckets of surface water; depth was not acquired from the CTD measurement but it was estimated from the researchers,2021-12-23,MSO LifeWatch Lab -80 Freezer,-80,Sander Delacauw,https://orcid.org/0000-0002-5400-2891,Rune Lagaisse,https://orcid.org/0000-0001-9191-9140,false,2022-01-10,2022-01-18,-70,2022-02-22,2022-02-23,batch_2,false,,https://identifiers.org/ena.embl:ERS20568944,EMOBON_BPNS_Wa_67
EMOBON 211223 BPNS Wa 0.2 R3,EMOBON metagenome water sample from station BPNS collected on 2021-12-23 size fraction 0.2-3um,https://www.ncbi.nlm.nih.gov/taxonomy/browser/wwwtax.cgi?id=1874687,marine plankton metagenome,metagenome,http://purl.obolibrary.org/obo/ENVO_00002149;http://purl.obolibrary.org/obo/ENVO_00002150;http://purl.obolibrary.org/obo/ENVO_00002042,2021-12-23,BPNS_Wa_211223,Sander Delacauw,https://orcid.org/0000-0002-5400-2891,ebb_tide,,21.2,3,10,0.25,0.2-3,0.2,3,true,Bucket,WaSOP1,sample was taking by hauling buckets of surface water; depth was not acquired from the CTD measurement but it was estimated from the researchers,2021-12-23,MSO LifeWatch Lab -80 Freezer,-80,Sander Delacauw,https://orcid.org/0000-0002-5400-2891,Rune Lagaisse,https://orcid.org/0000-0001-9191-9140,true,,,,,,,,,,EMOBON_BPNS_Wa_68
EMOBON 211223 BPNS Wa 0.2 R4,EMOBON metagenome water sample from station BPNS collected on 2021-12-23 size fraction 0.2-3um,https://www.ncbi.nlm.nih.gov/taxonomy/browser/wwwtax.cgi?id=1874687,marine plankton metagenome,metagenome,http://purl.obolibrary.org/obo/ENVO_00002149;http://purl.obolibrary.org/obo/ENVO_00002150;http://purl.obolibrary.org/obo/ENVO_00002042,2021-12-23,BPNS_Wa_211223,Sander Delacauw,https://orcid.org/0000-0002-5400-2891,ebb_tide,,21.2,4,10,0.25,0.2-3,0.2,3,true,Bucket,WaSOP1,sample was taking by hauling buckets of surface water; depth was not acquired from the CTD measurement but it was estimated from the researchers,2021-12-23,MSO LifeWatch Lab -80 Freezer,-80,Sander Delacauw,https://orcid.org/0000-0002-5400-2891,Rune Lagaisse,https://orcid.org/0000-0001-9191-9140,true,,,,,,,,,,EMOBON_BPNS_Wa_69
EMOBON 211223 BPNS Wa 0.2 Blank,EMOBON metagenome water sample from station BPNS collected on 2021-12-23 size fraction 0.2-3um,https://www.ncbi.nlm.nih.gov/taxonomy/browser/wwwtax.cgi?id=256318,metagenome,metagenome,http://purl.obolibrary.org/obo/ENVO_00003065,2021-12-23,BPNS_Wa_211223,Sander Delacauw,https://orcid.org/0000-0002-5400-2891,,,,blank_1,10,0.25,0.2-3,0.2,3,true,,WaSOP1,sample was taking by hauling buckets of surface water; depth was not acquired from the CTD measurement but it was estimated from the researchers,2021-12-23,MSO LifeWatch Lab -80 Freezer,-80,Sander Delacauw,https://orcid.org/0000-0002-5400-2891,Rune Lagaisse,https://orcid.org/0000-0001-9191-9140,true,,,,,,,,,,EMOBON_BPNS_Wa_70
EMOBON 211223 BPNS Wa 20 R1,EMOBON metagenome water sample from station BPNS collected on 2021-12-23 size fraction 20um,https://www.ncbi.nlm.nih.gov/taxonomy/browser/wwwtax.cgi?id=1874687,marine plankton metagenome,metagenome,http://purl.obolibrary.org/obo/ENVO_00002149;http://purl.obolibrary.org/obo/ENVO_00002150,2021-12-23,BPNS_Wa_211223,Rune Lagaisse,https://orcid.org/0000-0001-9191-9140,ebb_tide,,21.2,1,0.25,0.05,20,20,,false,Apstein,WaSOP2,depth was not acquired from the CTD measurement but it was estimated from the researchers,2021-12-23,MSO LifeWatch Lab -80 Freezer,-80,Sander Delacauw,https://orcid.org/0000-0002-5400-2891,Rune Lagaisse,https://orcid.org/0000-0001-9191-9140,true,,,,,,,,,,EMOBON_BPNS_Wa_71
EMOBON 211223 BPNS Wa 20 R2,EMOBON metagenome water sample from station BPNS collected on 2021-12-23 size fraction 20um,https://www.ncbi.nlm.nih.gov/taxonomy/browser/wwwtax.cgi?id=1874687,marine plankton metagenome,metagenome,http://purl.obolibrary.org/obo/ENVO_00002149;http://purl.obolibrary.org/obo/ENVO_00002150,2021-12-23,BPNS_Wa_211223,Rune Lagaisse,https://orcid.org/0000-0001-9191-9140,ebb_tide,,21.2,2,0.25,0.05,20,20,,false,Apstein,WaSOP2,depth was not acquired from the CTD measurement but it was estimated from the researchers,2021-12-23,MSO LifeWatch Lab -80 Freezer,-80,Sander Delacauw,https://orcid.org/0000-0002-5400-2891,Rune Lagaisse,https://orcid.org/0000-0001-9191-9140,true,,,,,,,,,,EMOBON_BPNS_Wa_72
EMOBON 211223 BPNS Wa 20 R3,EMOBON metagenome water sample from station BPNS collected on 2021-12-23 size fraction 20um,https://www.ncbi.nlm.nih.gov/taxonomy/browser/wwwtax.cgi?id=1874687,marine plankton metagenome,metagenome,http://purl.obolibrary.org/obo/ENVO_00002149;http://purl.obolibrary.org/obo/ENVO_00002150,2021-12-23,BPNS_Wa_211223,Rune Lagaisse,https://orcid.org/0000-0001-9191-9140,ebb_tide,,21.2,3,0.25,0.05,20,20,,false,Apstein,WaSOP2,depth was not acquired from the CTD measurement but it was estimated from the researchers,2021-12-23,MSO LifeWatch Lab -80 Freezer,-80,Sander Delacauw,https://orcid.org/0000-0002-5400-2891,Rune Lagaisse,https://orcid.org/0000-0001-9191-9140,true,,,,,,,,,,EMOBON_BPNS_Wa_73
EMOBON 211223 BPNS Wa 20 R4,EMOBON metagenome water sample from station BPNS collected on 2021-12-23 size fraction 20um,https://www.ncbi.nlm.nih.gov/taxonomy/browser/wwwtax.cgi?id=1874687,marine plankton metagenome,metagenome,http://purl.obolibrary.org/obo/ENVO_00002149;http://purl.obolibrary.org/obo/ENVO_00002150,2021-12-23,BPNS_Wa_211223,Rune Lagaisse,https://orcid.org/0000-0001-9191-9140,ebb_tide,,21.2,4,0.25,0.05,20,20,,false,Apstein,WaSOP2,depth was not acquired from the CTD measurement but it was estimated from the researchers,2021-12-23,MSO LifeWatch Lab -80 Freezer,-80,Sander Delacauw,https://orcid.org/0000-0002-5400-2891,Rune Lagaisse,https://orcid.org/0000-0001-9191-9140,true,,,,,,,,,,EMOBON_BPNS_Wa_74
EMOBON 211223 BPNS Wa 20 Blank,EMOBON metagenome water sample from station BPNS collected on 2021-12-23 size fraction 20um,https://www.ncbi.nlm.nih.gov/taxonomy/browser/wwwtax.cgi?id=256318,metagenome,metagenome,http://purl.obolibrary.org/obo/ENVO_00003065,2021-12-23,BPNS_Wa_211223,Rune Lagaisse,https://orcid.org/0000-0001-9191-9140,,,,blank_1,0.25,0.05,20,20,,false,,WaSOP2,depth was not acquired from the CTD measurement but it was estimated from the researchers,2021-12-23,MSO LifeWatch Lab -80 Freezer,-80,Sander Delacauw,https://orcid.org/0000-0002-5400-2891,Rune Lagaisse,https://orcid.org/0000-0001-9191-9140,true,,,,,,,,,,EMOBON_BPNS_Wa_75
EMOBON 211223 BPNS Wa 200 R1,EMOBON metagenome water sample from station BPNS collected on 2021-12-23 size fraction 200um,https://www.ncbi.nlm.nih.gov/taxonomy/browser/wwwtax.cgi?id=1874687,marine plankton metagenome,metagenome,http://purl.obolibrary.org/obo/ENVO_00002149;http://purl.obolibrary.org/obo/ENVO_00002150,2021-12-23,BPNS_Wa_211223,Rune Lagaisse,https://orcid.org/0000-0001-9191-9140,ebb_tide,,21.2,1,0.25,0.05,200,200,,false,WP2,WaSOP3,depth was not acquired from the CTD measurement but it was estimated from the researchers,2021-12-23,MSO LifeWatch Lab -80 Freezer,-80,Sander Delacauw,https://orcid.org/0000-0002-5400-2891,Rune Lagaisse,https://orcid.org/0000-0001-9191-9140,true,,,,,,,,,,EMOBON_BPNS_Wa_76
EMOBON 211223 BPNS Wa 200 R2,EMOBON metagenome water sample from station BPNS collected on 2021-12-23 size fraction 200um,https://www.ncbi.nlm.nih.gov/taxonomy/browser/wwwtax.cgi?id=1874687,marine plankton metagenome,metagenome,http://purl.obolibrary.org/obo/ENVO_00002149;http://purl.obolibrary.org/obo/ENVO_00002150,2021-12-23,BPNS_Wa_211223,Rune Lagaisse,https://orcid.org/0000-0001-9191-9140,ebb_tide,,21.2,2,0.25,0.05,200,200,,false,WP2,WaSOP3,depth was not acquired from the CTD measurement but it was estimated from the researchers,2021-12-23,MSO LifeWatch Lab -80 Freezer,-80,Sander Delacauw,https://orcid.org/0000-0002-5400-2891,Rune Lagaisse,https://orcid.org/0000-0001-9191-9140,true,,,,,,,,,,EMOBON_BPNS_Wa_77
EMOBON 211223 BPNS Wa 200 R3,EMOBON metagenome water sample from station BPNS collected on 2021-12-23 size fraction 200um,https://www.ncbi.nlm.nih.gov/taxonomy/browser/wwwtax.cgi?id=1874687,marine plankton metagenome,metagenome,http://purl.obolibrary.org/obo/ENVO_00002149;http://purl.obolibrary.org/obo/ENVO_00002150,2021-12-23,BPNS_Wa_211223,Rune Lagaisse,https://orcid.org/0000-0001-9191-9140,ebb_tide,,21.2,3,0.25,0.05,200,200,,false,WP2,WaSOP3,depth was not acquired from the CTD measurement but it was estimated from the researchers,2021-12-23,MSO LifeWatch Lab -80 Freezer,-80,Sander Delacauw,https://orcid.org/0000-0002-5400-2891,Rune Lagaisse,https://orcid.org/0000-0001-9191-9140,true,,,,,,,,,,EMOBON_BPNS_Wa_78
EMOBON 211223 BPNS Wa 200 R4,EMOBON metagenome water sample from station BPNS collected on 2021-12-23 size fraction 200um,https://www.ncbi.nlm.nih.gov/taxonomy/browser/wwwtax.cgi?id=1874687,marine plankton metagenome,metagenome,http://purl.obolibrary.org/obo/ENVO_00002149;http://purl.obolibrary.org/obo/ENVO_00002150,2021-12-23,BPNS_Wa_211223,Rune Lagaisse,https://orcid.org/0000-0001-9191-9140,ebb_tide,,21.2,4,0.25,0.05,200,200,,false,WP2,WaSOP3,depth was not acquired from the CTD measurement but it was estimated from the researchers,2021-12-23,MSO LifeWatch Lab -80 Freezer,-80,Sander Delacauw,https://orcid.org/0000-0002-5400-2891,Rune Lagaisse,https://orcid.org/0000-0001-9191-9140,true,,,,,,,,,,EMOBON_BPNS_Wa_79
EMOBON 211223 BPNS Wa 200 Blank,EMOBON metagenome water sample from station BPNS collected on 2021-12-23 size fraction 200um,https://www.ncbi.nlm.nih.gov/taxonomy/browser/wwwtax.cgi?id=256318,metagenome,metagenome,http://purl.obolibrary.org/obo/ENVO_00003065,2021-12-23,BPNS_Wa_211223,Rune Lagaisse,https://orcid.org/0000-0001-9191-9140,,,,blank_1,0.25,0.05,200,200,,false,,WaSOP3,depth was not acquired from the CTD measurement but it was estimated from the researchers,2021-12-23,MSO LifeWatch Lab -80 Freezer,-80,Sander Delacauw,https://orcid.org/0000-0002-5400-2891,Rune Lagaisse,https://orcid.org/0000-0001-9191-9140,true,,,,,,,,,,EMOBON_BPNS_Wa_80
EMOBON 220322 BPNS Wa 3 R1,EMOBON metagenome water sample from station BPNS collected on 2022-03-22 size fraction 3-200um,https://www.ncbi.nlm.nih.gov/taxonomy/browser/wwwtax.cgi?id=1874687,marine plankton metagenome,metagenome,http://purl.obolibrary.org/obo/ENVO_00002149;http://purl.obolibrary.org/obo/ENVO_00002150,2022-03-22,BPNS_Wa_220322,Rune Lagaisse,https://orcid.org/0000-0001-9191-9140,ebb_tide,,,1,10,0.25,3-200,3,200,true,Bucket,WaSOP1,,2022-03-22,MSO LifeWatch Lab -80 Freezer,-80,Rune Lagaisse,https://orcid.org/0000-0001-9191-9140,,,false,2022-09-26,2022-09-30,-70,2023-06-01,2023-06-01,batch_3,,,,EMOBON_BPNS_Wa_81
EMOBON 220322 BPNS Wa 3 R2,EMOBON metagenome water sample from station BPNS collected on 2022-03-22 size fraction 3-200um,https://www.ncbi.nlm.nih.gov/taxonomy/browser/wwwtax.cgi?id=1874687,marine plankton metagenome,metagenome,http://purl.obolibrary.org/obo/ENVO_00002149;http://purl.obolibrary.org/obo/ENVO_00002150,2022-03-22,BPNS_Wa_220322,Rune Lagaisse,https://orcid.org/0000-0001-9191-9140,ebb_tide,,,2,10,0.25,3-200,3,200,true,Bucket,WaSOP1,,2022-03-22,MSO LifeWatch Lab -80 Freezer,-80,Rune Lagaisse,https://orcid.org/0000-0001-9191-9140,,,false,2022-09-26,2022-09-30,-70,2023-06-01,2023-06-01,batch_3,,,,EMOBON_BPNS_Wa_82
EMOBON 220322 BPNS Wa 3 R3,EMOBON metagenome water sample from station BPNS collected on 2022-03-22 size fraction 3-200um,https://www.ncbi.nlm.nih.gov/taxonomy/browser/wwwtax.cgi?id=1874687,marine plankton metagenome,metagenome,http://purl.obolibrary.org/obo/ENVO_00002149;http://purl.obolibrary.org/obo/ENVO_00002150,2022-03-22,BPNS_Wa_220322,Rune Lagaisse,https://orcid.org/0000-0001-9191-9140,ebb_tide,,,3,10,0.25,3-200,3,200,true,Bucket,WaSOP1,,2022-03-22,MSO LifeWatch Lab -80 Freezer,-80,Rune Lagaisse,https://orcid.org/0000-0001-9191-9140,,,true,,,,,,,,,,EMOBON_BPNS_Wa_83
EMOBON 220322 BPNS Wa 3 R4,EMOBON metagenome water sample from station BPNS collected on 2022-03-22 size fraction 3-200um,https://www.ncbi.nlm.nih.gov/taxonomy/browser/wwwtax.cgi?id=1874687,marine plankton metagenome,metagenome,http://purl.obolibrary.org/obo/ENVO_00002149;http://purl.obolibrary.org/obo/ENVO_00002150,2022-03-22,BPNS_Wa_220322,Rune Lagaisse,https://orcid.org/0000-0001-9191-9140,ebb_tide,,,4,10,0.25,3-200,3,200,true,Bucket,WaSOP1,,2022-03-22,MSO LifeWatch Lab -80 Freezer,-80,Rune Lagaisse,https://orcid.org/0000-0001-9191-9140,,,true,,,,,,,,,,EMOBON_BPNS_Wa_84
EMOBON 220322 BPNS Wa 3 Blank,EMOBON metagenome water sample from station BPNS collected on 2022-03-22 size fraction 3-200um,https://www.ncbi.nlm.nih.gov/taxonomy/browser/wwwtax.cgi?id=256318,metagenome,metagenome,http://purl.obolibrary.org/obo/ENVO_00003065,2022-03-22,BPNS_Wa_220322,Rune Lagaisse,https://orcid.org/0000-0001-9191-9140,,,,blank_1,10,0.033333,3-200,3,200,true,,WaSOP1,,2022-03-22,MSO LifeWatch Lab -80 Freezer,-80,Rune Lagaisse,https://orcid.org/0000-0001-9191-9140,,,false,,,,,,,,,,EMOBON_BPNS_Wa_85
EMOBON 220322 BPNS Wa 0.2 R1,EMOBON metagenome water sample from station BPNS collected on 2022-03-22 size fraction 0.2-3um,https://www.ncbi.nlm.nih.gov/taxonomy/browser/wwwtax.cgi?id=1874687,marine plankton metagenome,metagenome,http://purl.obolibrary.org/obo/ENVO_00002149;http://purl.obolibrary.org/obo/ENVO_00002150,2022-03-22,BPNS_Wa_220322,Rune Lagaisse,https://orcid.org/0000-0001-9191-9140,ebb_tide,,,1,10,0.25,0.2-3,0.2,3,true,Bucket,WaSOP1,,2022-03-22,MSO LifeWatch Lab -80 Freezer,-80,Rune Lagaisse,https://orcid.org/0000-0001-9191-9140,,,false,2022-09-26,2022-09-30,-70,2023-06-01,2023-06-01,batch_3,,,,EMOBON_BPNS_Wa_86
EMOBON 220322 BPNS Wa 0.2 R2,EMOBON metagenome water sample from station BPNS collected on 2022-03-22 size fraction 0.2-3um,https://www.ncbi.nlm.nih.gov/taxonomy/browser/wwwtax.cgi?id=1874687,marine plankton metagenome,metagenome,http://purl.obolibrary.org/obo/ENVO_00002149;http://purl.obolibrary.org/obo/ENVO_00002150,2022-03-22,BPNS_Wa_220322,Rune Lagaisse,https://orcid.org/0000-0001-9191-9140,ebb_tide,,,2,10,0.25,0.2-3,0.2,3,true,Bucket,WaSOP1,,2022-03-22,MSO LifeWatch Lab -80 Freezer,-80,Rune Lagaisse,https://orcid.org/0000-0001-9191-9140,,,false,2022-09-26,2022-09-30,-70,2023-06-01,2023-06-01,batch_3,,,,EMOBON_BPNS_Wa_87
EMOBON 220322 BPNS Wa 0.2 R3,EMOBON metagenome water sample from station BPNS collected on 2022-03-22 size fraction 0.2-3um,https://www.ncbi.nlm.nih.gov/taxonomy/browser/wwwtax.cgi?id=1874687,marine plankton metagenome,metagenome,http://purl.obolibrary.org/obo/ENVO_00002149;http://purl.obolibrary.org/obo/ENVO_00002150,2022-03-22,BPNS_Wa_220322,Rune Lagaisse,https://orcid.org/0000-0001-9191-9140,ebb_tide,,,3,10,0.25,0.2-3,0.2,3,true,Bucket,WaSOP1,,2022-03-22,MSO LifeWatch Lab -80 Freezer,-80,Rune Lagaisse,https://orcid.org/0000-0001-9191-9140,,,true,,,,,,,,,,EMOBON_BPNS_Wa_88
EMOBON 220322 BPNS Wa 0.2 R4,EMOBON metagenome water sample from station BPNS collected on 2022-03-22 size fraction 0.2-3um,https://www.ncbi.nlm.nih.gov/taxonomy/browser/wwwtax.cgi?id=1874687,marine plankton metagenome,metagenome,http://purl.obolibrary.org/obo/ENVO_00002149;http://purl.obolibrary.org/obo/ENVO_00002150,2022-03-22,BPNS_Wa_220322,Rune Lagaisse,https://orcid.org/0000-0001-9191-9140,ebb_tide,,,4,10,0.25,0.2-3,0.2,3,true,Bucket,WaSOP1,,2022-03-22,MSO LifeWatch Lab -80 Freezer,-80,Rune Lagaisse,https://orcid.org/0000-0001-9191-9140,,,true,,,,,,,,,,EMOBON_BPNS_Wa_89
EMOBON 220322 BPNS Wa 0.2 Blank,EMOBON metagenome water sample from station BPNS collected on 2022-03-22 size fraction 0.2-3um,https://www.ncbi.nlm.nih.gov/taxonomy/browser/wwwtax.cgi?id=256318,metagenome,metagenome,http://purl.obolibrary.org/obo/ENVO_00003065,2022-03-22,BPNS_Wa_220322,Rune Lagaisse,https://orcid.org/0000-0001-9191-9140,,,,blank_1,10,0.033333,0.2-3,0.2,3,true,,WaSOP1,,2022-03-22,MSO LifeWatch Lab -80 Freezer,-80,Rune Lagaisse,https://orcid.org/0000-0001-9191-9140,,,true,,,,,,,,,,EMOBON_BPNS_Wa_90
EMOBON 220322 BPNS Wa 20 R1,EMOBON metagenome water sample from station BPNS collected on 2022-03-22 size fraction 20um,https://www.ncbi.nlm.nih.gov/taxonomy/browser/wwwtax.cgi?id=1874687,marine plankton metagenome,metagenome,http://purl.obolibrary.org/obo/ENVO_00002149;http://purl.obolibrary.org/obo/ENVO_00002150,2022-03-22,BPNS_Wa_220322,Rune Lagaisse,https://orcid.org/0000-0001-9191-9140,ebb_tide,,,1,0.25,0.05,20,20,,false,Apstein,WaSOP2,,2022-03-22,MSO LifeWatch Lab -80 Freezer,-80,Rune Lagaisse,https://orcid.org/0000-0001-9191-9140,,,true,,,,,,,,,,EMOBON_BPNS_Wa_91
EMOBON 220322 BPNS Wa 20 R2,EMOBON metagenome water sample from station BPNS collected on 2022-03-22 size fraction 20um,https://www.ncbi.nlm.nih.gov/taxonomy/browser/wwwtax.cgi?id=1874687,marine plankton metagenome,metagenome,http://purl.obolibrary.org/obo/ENVO_00002149;http://purl.obolibrary.org/obo/ENVO_00002150,2022-03-22,BPNS_Wa_220322,Rune Lagaisse,https://orcid.org/0000-0001-9191-9140,ebb_tide,,,2,0.25,0.05,20,20,,false,Apstein,WaSOP2,,2022-03-22,MSO LifeWatch Lab -80 Freezer,-80,Rune Lagaisse,https://orcid.org/0000-0001-9191-9140,,,true,,,,,,,,,,EMOBON_BPNS_Wa_92
EMOBON 220322 BPNS Wa 20 R3,EMOBON metagenome water sample from station BPNS collected on 2022-03-22 size fraction 20um,https://www.ncbi.nlm.nih.gov/taxonomy/browser/wwwtax.cgi?id=1874687,marine plankton metagenome,metagenome,http://purl.obolibrary.org/obo/ENVO_00002149;http://purl.obolibrary.org/obo/ENVO_00002150,2022-03-22,BPNS_Wa_220322,Rune Lagaisse,https://orcid.org/0000-0001-9191-9140,ebb_tide,,,3,0.25,0.05,20,20,,false,Apstein,WaSOP2,,2022-03-22,MSO LifeWatch Lab -80 Freezer,-80,Rune Lagaisse,https://orcid.org/0000-0001-9191-9140,,,true,,,,,,,,,,EMOBON_BPNS_Wa_93
EMOBON 220322 BPNS Wa 20 R4,EMOBON metagenome water sample from station BPNS collected on 2022-03-22 size fraction 20um,https://www.ncbi.nlm.nih.gov/taxonomy/browser/wwwtax.cgi?id=1874687,marine plankton metagenome,metagenome,http://purl.obolibrary.org/obo/ENVO_00002149;http://purl.obolibrary.org/obo/ENVO_00002150,2022-03-22,BPNS_Wa_220322,Rune Lagaisse,https://orcid.org/0000-0001-9191-9140,ebb_tide,,,4,0.25,0.05,20,20,,false,Apstein,WaSOP2,,2022-03-22,MSO LifeWatch Lab -80 Freezer,-80,Rune Lagaisse,https://orcid.org/0000-0001-9191-9140,,,true,,,,,,,,,,EMOBON_BPNS_Wa_94
EMOBON 220322 BPNS Wa 20 Blank,EMOBON metagenome water sample from station BPNS collected on 2022-03-22 size fraction 20um,https://www.ncbi.nlm.nih.gov/taxonomy/browser/wwwtax.cgi?id=256318,metagenome,metagenome,http://purl.obolibrary.org/obo/ENVO_00003065,2022-03-22,BPNS_Wa_220322,Rune Lagaisse,https://orcid.org/0000-0001-9191-9140,,,,blank_1,0.25,0.05,20,20,,false,,WaSOP2,,2022-03-22,MSO LifeWatch Lab -80 Freezer,-80,Rune Lagaisse,https://orcid.org/0000-0001-9191-9140,,,true,,,,,,,,,,EMOBON_BPNS_Wa_95
EMOBON 220322 BPNS Wa 200 R1,EMOBON metagenome water sample from station BPNS collected on 2022-03-22 size fraction 200um,https://www.ncbi.nlm.nih.gov/taxonomy/browser/wwwtax.cgi?id=1874687,marine plankton metagenome,metagenome,http://purl.obolibrary.org/obo/ENVO_00002149;http://purl.obolibrary.org/obo/ENVO_00002150,2022-03-22,BPNS_Wa_220322,Rune Lagaisse,https://orcid.org/0000-0001-9191-9140,ebb_tide,,,1,0.25,0.05,200,200,,false,WP2,WaSOP3,,2022-03-22,MSO LifeWatch Lab -80 Freezer,-80,Rune Lagaisse,https://orcid.org/0000-0001-9191-9140,,,true,,,,,,,,,,EMOBON_BPNS_Wa_96
EMOBON 220322 BPNS Wa 200 R2,EMOBON metagenome water sample from station BPNS collected on 2022-03-22 size fraction 200um,https://www.ncbi.nlm.nih.gov/taxonomy/browser/wwwtax.cgi?id=1874687,marine plankton metagenome,metagenome,http://purl.obolibrary.org/obo/ENVO_00002149;http://purl.obolibrary.org/obo/ENVO_00002150,2022-03-22,BPNS_Wa_220322,Rune Lagaisse,https://orcid.org/0000-0001-9191-9140,ebb_tide,,,2,0.25,0.05,200,200,,false,WP2,WaSOP3,,2022-03-22,MSO LifeWatch Lab -80 Freezer,-80,Rune Lagaisse,https://orcid.org/0000-0001-9191-9140,,,true,,,,,,,,,,EMOBON_BPNS_Wa_97
EMOBON 220322 BPNS Wa 200 R3,EMOBON metagenome water sample from station BPNS collected on 2022-03-22 size fraction 200um,https://www.ncbi.nlm.nih.gov/taxonomy/browser/wwwtax.cgi?id=1874687,marine plankton metagenome,metagenome,http://purl.obolibrary.org/obo/ENVO_00002149;http://purl.obolibrary.org/obo/ENVO_00002150,2022-03-22,BPNS_Wa_220322,Rune Lagaisse,https://orcid.org/0000-0001-9191-9140,ebb_tide,,,3,0.25,0.05,200,200,,false,WP2,WaSOP3,,2022-03-22,MSO LifeWatch Lab -80 Freezer,-80,Rune Lagaisse,https://orcid.org/0000-0001-9191-9140,,,true,,,,,,,,,,EMOBON_BPNS_Wa_98
EMOBON 220322 BPNS Wa 200 R4,EMOBON metagenome water sample from station BPNS collected on 2022-03-22 size fraction 200um,https://www.ncbi.nlm.nih.gov/taxonomy/browser/wwwtax.cgi?id=1874687,marine plankton metagenome,metagenome,http://purl.obolibrary.org/obo/ENVO_00002149;http://purl.obolibrary.org/obo/ENVO_00002150,2022-03-22,BPNS_Wa_220322,Rune Lagaisse,https://orcid.org/0000-0001-9191-9140,ebb_tide,,,4,0.25,0.05,200,200,,false,WP2,WaSOP3,,2022-03-22,MSO LifeWatch Lab -80 Freezer,-80,Rune Lagaisse,https://orcid.org/0000-0001-9191-9140,,,true,,,,,,,,,,EMOBON_BPNS_Wa_99
EMOBON 220322 BPNS Wa 200 Blank,EMOBON metagenome water sample from station BPNS collected on 2022-03-22 size fraction 200um,https://www.ncbi.nlm.nih.gov/taxonomy/browser/wwwtax.cgi?id=256318,metagenome,metagenome,http://purl.obolibrary.org/obo/ENVO_00003065,2022-03-22,BPNS_Wa_220322,Rune Lagaisse,https://orcid.org/0000-0001-9191-9140,,,,blank_1,0.25,0.05,200,200,,false,,WaSOP3,,2022-03-22,MSO LifeWatch Lab -80 Freezer,-80,Rune Lagaisse,https://orcid.org/0000-0001-9191-9140,,,true,,,,,,,,,,EMOBON_BPNS_Wa_100
EMOBON 220420 BPNS Wa 3 R1,EMOBON metagenome water sample from station BPNS collected on 2022-04-20 size fraction 3-200um,https://www.ncbi.nlm.nih.gov/taxonomy/browser/wwwtax.cgi?id=1874687,marine plankton metagenome,metagenome,http://purl.obolibrary.org/obo/ENVO_00002149;http://purl.obolibrary.org/obo/ENVO_00002150;http://purl.obolibrary.org/obo/ENVO_00002042,2022-04-20,BPNS_Wa_220420,Rune Lagaisse,https://orcid.org/0000-0001-9191-9140,ebb_tide,,,1,1.5,0.5,3-200,3,200,true,Niskin Bottle,WaSOP1,Extreme bloom conditions; pipes kept busting; exact volume filtered unknown,2022-04-20,MSO LifeWatch Lab -80 Freezer,-80,Rune Lagaisse,https://orcid.org/0000-0001-9191-9140,,,false,2022-09-26,2022-09-30,-70,2023-06-01,2023-06-01,batch_3,,,,EMOBON_BPNS_Wa_101
EMOBON 220420 BPNS Wa 3 R2,EMOBON metagenome water sample from station BPNS collected on 2022-04-20 size fraction 3-200um,https://www.ncbi.nlm.nih.gov/taxonomy/browser/wwwtax.cgi?id=1874687,marine plankton metagenome,metagenome,http://purl.obolibrary.org/obo/ENVO_00002149;http://purl.obolibrary.org/obo/ENVO_00002150;http://purl.obolibrary.org/obo/ENVO_00002042,2022-04-20,BPNS_Wa_220420,Rune Lagaisse,https://orcid.org/0000-0001-9191-9140,ebb_tide,,,2,1.5,0.5,3-200,3,200,true,Niskin Bottle,WaSOP1,Extreme bloom conditions; pipes kept busting; exact volume filtered unknown,2022-04-20,MSO LifeWatch Lab -80 Freezer,-80,Rune Lagaisse,https://orcid.org/0000-0001-9191-9140,,,false,2022-09-26,2022-09-30,-70,2023-06-01,2023-06-01,batch_3,,,,EMOBON_BPNS_Wa_102
EMOBON 220420 BPNS Wa 3 R3,EMOBON metagenome water sample from station BPNS collected on 2022-04-20 size fraction 3-200um,https://www.ncbi.nlm.nih.gov/taxonomy/browser/wwwtax.cgi?id=1874687,marine plankton metagenome,metagenome,http://purl.obolibrary.org/obo/ENVO_00002149;http://purl.obolibrary.org/obo/ENVO_00002150;http://purl.obolibrary.org/obo/ENVO_00002042,2022-04-20,BPNS_Wa_220420,Rune Lagaisse,https://orcid.org/0000-0001-9191-9140,ebb_tide,,,3,1.5,0.5,3-200,3,200,true,Niskin Bottle,WaSOP1,Extreme bloom conditions; pipes kept busting; exact volume filtered unknown,2022-04-20,MSO LifeWatch Lab -80 Freezer,-80,Rune Lagaisse,https://orcid.org/0000-0001-9191-9140,,,true,,,,,,,,,,EMOBON_BPNS_Wa_103
EMOBON 220420 BPNS Wa 3 R4,EMOBON metagenome water sample from station BPNS collected on 2022-04-20 size fraction 3-200um,https://www.ncbi.nlm.nih.gov/taxonomy/browser/wwwtax.cgi?id=1874687,marine plankton metagenome,metagenome,http://purl.obolibrary.org/obo/ENVO_00002149;http://purl.obolibrary.org/obo/ENVO_00002150;http://purl.obolibrary.org/obo/ENVO_00002042,2022-04-20,BPNS_Wa_220420,Rune Lagaisse,https://orcid.org/0000-0001-9191-9140,ebb_tide,,,4,1.5,0.5,3-200,3,200,true,Niskin Bottle,WaSOP1,Extreme bloom conditions; pipes kept busting; exact volume filtered unknown,2022-04-20,MSO LifeWatch Lab -80 Freezer,-80,Rune Lagaisse,https://orcid.org/0000-0001-9191-9140,,,true,,,,,,,,,,EMOBON_BPNS_Wa_104
EMOBON 220420 BPNS Wa 3 Blank,EMOBON metagenome water sample from station BPNS collected on 2022-04-20 size fraction 3-200um,https://www.ncbi.nlm.nih.gov/taxonomy/browser/wwwtax.cgi?id=256318,metagenome,metagenome,http://purl.obolibrary.org/obo/ENVO_00003065,2022-04-20,BPNS_Wa_220420,Rune Lagaisse,https://orcid.org/0000-0001-9191-9140,,,,blank_1,1.5,0.05,3-200,3,200,false,,WaSOP1,Extreme bloom conditions; pipes kept busting; exact volume filtered unknown,2022-04-20,MSO LifeWatch Lab -80 Freezer,-80,Rune Lagaisse,https://orcid.org/0000-0001-9191-9140,,,true,,,,,,,,,,EMOBON_BPNS_Wa_105
EMOBON 220420 BPNS Wa 0.2 R1,EMOBON metagenome water sample from station BPNS collected on 2022-04-20 size fraction 0.2-3um,https://www.ncbi.nlm.nih.gov/taxonomy/browser/wwwtax.cgi?id=1874687,marine plankton metagenome,metagenome,http://purl.obolibrary.org/obo/ENVO_00002149;http://purl.obolibrary.org/obo/ENVO_00002150;http://purl.obolibrary.org/obo/ENVO_00002042,2022-04-20,BPNS_Wa_220420,Rune Lagaisse,https://orcid.org/0000-0001-9191-9140,ebb_tide,,,1,1.5,0.5,0.2-3,0.2,3,true,Niskin Bottle,WaSOP1,Extreme bloom conditions; pipes kept busting; exact volume filtered unknown,2022-04-20,MSO LifeWatch Lab -80 Freezer,-80,Rune Lagaisse,https://orcid.org/0000-0001-9191-9140,,,false,2022-09-26,2022-09-30,-70,2023-06-01,2023-06-01,batch_3,,,,EMOBON_BPNS_Wa_106
EMOBON 220420 BPNS Wa 0.2 R2,EMOBON metagenome water sample from station BPNS collected on 2022-04-20 size fraction 0.2-3um,https://www.ncbi.nlm.nih.gov/taxonomy/browser/wwwtax.cgi?id=1874687,marine plankton metagenome,metagenome,http://purl.obolibrary.org/obo/ENVO_00002149;http://purl.obolibrary.org/obo/ENVO_00002150;http://purl.obolibrary.org/obo/ENVO_00002042,2022-04-20,BPNS_Wa_220420,Rune Lagaisse,https://orcid.org/0000-0001-9191-9140,ebb_tide,,,2,1.5,0.5,0.2-3,0.2,3,true,Niskin Bottle,WaSOP1,Extreme bloom conditions; pipes kept busting; exact volume filtered unknown,2022-04-20,MSO LifeWatch Lab -80 Freezer,-80,Rune Lagaisse,https://orcid.org/0000-0001-9191-9140,,,false,2022-09-26,2022-09-30,-70,2023-06-01,2023-06-01,batch_3,,,,EMOBON_BPNS_Wa_107
EMOBON 220420 BPNS Wa 0.2 R3,EMOBON metagenome water sample from station BPNS collected on 2022-04-20 size fraction 0.2-3um,https://www.ncbi.nlm.nih.gov/taxonomy/browser/wwwtax.cgi?id=1874687,marine plankton metagenome,metagenome,http://purl.obolibrary.org/obo/ENVO_00002149;http://purl.obolibrary.org/obo/ENVO_00002150;http://purl.obolibrary.org/obo/ENVO_00002042,2022-04-20,BPNS_Wa_220420,Rune Lagaisse,https://orcid.org/0000-0001-9191-9140,ebb_tide,,,3,1.5,0.5,0.2-3,0.2,3,true,Niskin Bottle,WaSOP1,Extreme bloom conditions; pipes kept busting; exact volume filtered unknown,2022-04-20,MSO LifeWatch Lab -80 Freezer,-80,Rune Lagaisse,https://orcid.org/0000-0001-9191-9140,,,true,,,,,,,,,,EMOBON_BPNS_Wa_108
EMOBON 220420 BPNS Wa 0.2 R4,EMOBON metagenome water sample from station BPNS collected on 2022-04-20 size fraction 0.2-3um,https://www.ncbi.nlm.nih.gov/taxonomy/browser/wwwtax.cgi?id=1874687,marine plankton metagenome,metagenome,http://purl.obolibrary.org/obo/ENVO_00002149;http://purl.obolibrary.org/obo/ENVO_00002150;http://purl.obolibrary.org/obo/ENVO_00002042,2022-04-20,BPNS_Wa_220420,Rune Lagaisse,https://orcid.org/0000-0001-9191-9140,ebb_tide,,,4,1.5,0.05,0.2-3,0.2,3,true,Niskin Bottle,WaSOP1,Extreme bloom conditions; pipes kept busting; exact volume filtered unknown,2022-04-20,MSO LifeWatch Lab -80 Freezer,-80,Rune Lagaisse,https://orcid.org/0000-0001-9191-9140,,,true,,,,,,,,,,EMOBON_BPNS_Wa_109
EMOBON 220420 BPNS Wa 0.2 Blank,EMOBON metagenome water sample from station BPNS collected on 2022-04-20 size fraction 0.2-3um,https://www.ncbi.nlm.nih.gov/taxonomy/browser/wwwtax.cgi?id=256318,metagenome,metagenome,http://purl.obolibrary.org/obo/ENVO_00003065,2022-04-20,BPNS_Wa_220420,Rune Lagaisse,https://orcid.org/0000-0001-9191-9140,,,,blank_1,1.5,0.5,0.2-3,0.2,3,false,,WaSOP1,Extreme bloom conditions; pipes kept busting; exact volume filtered unknown,2022-04-20,MSO LifeWatch Lab -80 Freezer,-80,Rune Lagaisse,https://orcid.org/0000-0001-9191-9140,,,true,,,,,,,,,,EMOBON_BPNS_Wa_110
EMOBON 220420 BPNS Wa 20 R1,EMOBON metagenome water sample from station BPNS collected on 2022-04-20 size fraction 20um,https://www.ncbi.nlm.nih.gov/taxonomy/browser/wwwtax.cgi?id=1874687,marine plankton metagenome,metagenome,http://purl.obolibrary.org/obo/ENVO_00002149;http://purl.obolibrary.org/obo/ENVO_00002150,2022-04-20,BPNS_Wa_220420,Rune Lagaisse,https://orcid.org/0000-0001-9191-9140,ebb_tide,,,1,,,20,20,,,Apstein,WaSOP2,Failed; extreme bloom conditions,2022-04-20,,,,,,,,,,,,,,true,extreme Phaeocystis and Pseudo-nitzschia bloom; filtration was impossible,,EMOBON_BPNS_Wa_111
EMOBON 220420 BPNS Wa 20 R2,EMOBON metagenome water sample from station BPNS collected on 2022-04-20 size fraction 20um,https://www.ncbi.nlm.nih.gov/taxonomy/browser/wwwtax.cgi?id=1874687,marine plankton metagenome,metagenome,http://purl.obolibrary.org/obo/ENVO_00002149;http://purl.obolibrary.org/obo/ENVO_00002150,2022-04-20,BPNS_Wa_220420,Rune Lagaisse,https://orcid.org/0000-0001-9191-9140,ebb_tide,,,2,,,20,20,,,Apstein,WaSOP2,Failed; extreme bloom conditions,2022-04-20,,,,,,,,,,,,,,true,extreme Phaeocystis and Pseudo-nitzschia bloom; filtration was impossible,,EMOBON_BPNS_Wa_112
EMOBON 220420 BPNS Wa 20 R3,EMOBON metagenome water sample from station BPNS collected on 2022-04-20 size fraction 20um,https://www.ncbi.nlm.nih.gov/taxonomy/browser/wwwtax.cgi?id=1874687,marine plankton metagenome,metagenome,http://purl.obolibrary.org/obo/ENVO_00002149;http://purl.obolibrary.org/obo/ENVO_00002150,2022-04-20,BPNS_Wa_220420,Rune Lagaisse,https://orcid.org/0000-0001-9191-9140,ebb_tide,,,3,,,20,20,,,Apstein,WaSOP2,Failed; extreme bloom conditions,2022-04-20,,,,,,,,,,,,,,true,extreme Phaeocystis and Pseudo-nitzschia bloom; filtration was impossible,,EMOBON_BPNS_Wa_113
EMOBON 220420 BPNS Wa 20 R4,EMOBON metagenome water sample from station BPNS collected on 2022-04-20 size fraction 20um,https://www.ncbi.nlm.nih.gov/taxonomy/browser/wwwtax.cgi?id=1874687,marine plankton metagenome,metagenome,http://purl.obolibrary.org/obo/ENVO_00002149;http://purl.obolibrary.org/obo/ENVO_00002150,2022-04-20,BPNS_Wa_220420,Rune Lagaisse,https://orcid.org/0000-0001-9191-9140,ebb_tide,,,4,,,20,20,,,Apstein,WaSOP2,Failed; extreme bloom conditions,2022-04-20,,,,,,,,,,,,,,true,extreme Phaeocystis and Pseudo-nitzschia bloom; filtration was impossible,,EMOBON_BPNS_Wa_114
EMOBON 220420 BPNS Wa 20 Blank,EMOBON metagenome water sample from station BPNS collected on 2022-04-20 size fraction 20um,https://www.ncbi.nlm.nih.gov/taxonomy/browser/wwwtax.cgi?id=256318,metagenome,metagenome,http://purl.obolibrary.org/obo/ENVO_00002149;http://purl.obolibrary.org/obo/ENVO_00002150,2022-04-20,BPNS_Wa_220420,Rune Lagaisse,https://orcid.org/0000-0001-9191-9140,,,,blank_1,,,20,20,,,,WaSOP2,Failed; extreme bloom conditions,2022-04-20,,,,,,,,,,,,,,true,extreme Phaeocystis and Pseudo-nitzschia bloom; filtration was impossible,,EMOBON_BPNS_Wa_115
EMOBON 220420 BPNS Wa 200 R1,EMOBON metagenome water sample from station BPNS collected on 2022-04-20 size fraction 200um,https://www.ncbi.nlm.nih.gov/taxonomy/browser/wwwtax.cgi?id=1874687,marine plankton metagenome,metagenome,http://purl.obolibrary.org/obo/ENVO_00002149;http://purl.obolibrary.org/obo/ENVO_00002150,2022-04-20,BPNS_Wa_220420,Rune Lagaisse,https://orcid.org/0000-0001-9191-9140,ebb_tide,,,1,,,200,200,,,WP2,WaSOP3,Failed; extreme bloom conditions,2022-04-20,,,,,,,,,,,,,,true,extreme Phaeocystis and Pseudo-nitzschia bloom; filtration was impossible,,EMOBON_BPNS_Wa_116
EMOBON 220420 BPNS Wa 200 R2,EMOBON metagenome water sample from station BPNS collected on 2022-04-20 size fraction 200um,https://www.ncbi.nlm.nih.gov/taxonomy/browser/wwwtax.cgi?id=1874687,marine plankton metagenome,metagenome,http://purl.obolibrary.org/obo/ENVO_00002149;http://purl.obolibrary.org/obo/ENVO_00002150,2022-04-20,BPNS_Wa_220420,Rune Lagaisse,https://orcid.org/0000-0001-9191-9140,ebb_tide,,,2,,,200,200,,,WP2,WaSOP3,Failed; extreme bloom conditions,2022-04-20,,,,,,,,,,,,,,true,extreme Phaeocystis and Pseudo-nitzschia bloom; filtration was impossible,,EMOBON_BPNS_Wa_117
EMOBON 220420 BPNS Wa 200 R3,EMOBON metagenome water sample from station BPNS collected on 2022-04-20 size fraction 200um,https://www.ncbi.nlm.nih.gov/taxonomy/browser/wwwtax.cgi?id=1874687,marine plankton metagenome,metagenome,http://purl.obolibrary.org/obo/ENVO_00002149;http://purl.obolibrary.org/obo/ENVO_00002150,2022-04-20,BPNS_Wa_220420,Rune Lagaisse,https://orcid.org/0000-0001-9191-9140,ebb_tide,,,3,,,200,200,,,WP2,WaSOP3,Failed; extreme bloom conditions,2022-04-20,,,,,,,,,,,,,,true,extreme Phaeocystis and Pseudo-nitzschia bloom; filtration was impossible,,EMOBON_BPNS_Wa_118
EMOBON 220420 BPNS Wa 200 R4,EMOBON metagenome water sample from station BPNS collected on 2022-04-20 size fraction 200um,https://www.ncbi.nlm.nih.gov/taxonomy/browser/wwwtax.cgi?id=1874687,marine plankton metagenome,metagenome,http://purl.obolibrary.org/obo/ENVO_00002149;http://purl.obolibrary.org/obo/ENVO_00002150,2022-04-20,BPNS_Wa_220420,Rune Lagaisse,https://orcid.org/0000-0001-9191-9140,ebb_tide,,,4,,,200,200,,,WP2,WaSOP3,Failed; extreme bloom conditions,2022-04-20,,,,,,,,,,,,,,true,extreme Phaeocystis and Pseudo-nitzschia bloom; filtration was impossible,,EMOBON_BPNS_Wa_119
EMOBON 220420 BPNS Wa 200 Blank,EMOBON metagenome water sample from station BPNS collected on 2022-04-20 size fraction 200um,https://www.ncbi.nlm.nih.gov/taxonomy/browser/wwwtax.cgi?id=256318,metagenome,metagenome,http://purl.obolibrary.org/obo/ENVO_00002149;http://purl.obolibrary.org/obo/ENVO_00002150,2022-04-20,BPNS_Wa_220420,Rune Lagaisse,https://orcid.org/0000-0001-9191-9140,,,,blank_1,,,200,200,,,,WaSOP3,Failed; extreme bloom conditions,2022-04-20,,,,,,,,,,,,,,true,extreme Phaeocystis and Pseudo-nitzschia bloom; filtration was impossible,,EMOBON_BPNS_Wa_120
EMOBON 220601 BPNS Wa 3 R1,EMOBON metagenome water sample from station BPNS collected on 2022-06-01 size fraction 3-200um,https://www.ncbi.nlm.nih.gov/taxonomy/browser/wwwtax.cgi?id=1874687,marine plankton metagenome,metagenome,http://purl.obolibrary.org/obo/ENVO_00002149;http://purl.obolibrary.org/obo/ENVO_00002150;http://purl.obolibrary.org/obo/ENVO_00002042,2022-06-01,BPNS_Wa_220601,Rune Lagaisse,https://orcid.org/0000-0001-9191-9140,flood_tide,,20.3,1,6,0.4,3-200,3,200,true,Niskin Bottle,WaSOP1,,2022-06-01,MSO LifeWatch Lab -80 Freezer,-80,Rune Lagaisse,https://orcid.org/0000-0001-9191-9140,,,false,2022-09-26,2022-09-30,-70,2023-06-01,2023-06-01,batch_3,,,,EMOBON_BPNS_Wa_121
EMOBON 220601 BPNS Wa 3 R2,EMOBON metagenome water sample from station BPNS collected on 2022-06-01 size fraction 3-200um,https://www.ncbi.nlm.nih.gov/taxonomy/browser/wwwtax.cgi?id=1874687,marine plankton metagenome,metagenome,http://purl.obolibrary.org/obo/ENVO_00002149;http://purl.obolibrary.org/obo/ENVO_00002150;http://purl.obolibrary.org/obo/ENVO_00002042,2022-06-01,BPNS_Wa_220601,Rune Lagaisse,https://orcid.org/0000-0001-9191-9140,flood_tide,,20.3,2,6,0.4,3-200,3,200,true,Niskin Bottle,WaSOP1,,2022-06-01,MSO LifeWatch Lab -80 Freezer,-80,Rune Lagaisse,https://orcid.org/0000-0001-9191-9140,,,false,2022-09-26,2022-09-30,-70,2023-06-01,2023-06-01,batch_3,,,,EMOBON_BPNS_Wa_122
EMOBON 220601 BPNS Wa 3 R3,EMOBON metagenome water sample from station BPNS collected on 2022-06-01 size fraction 3-200um,https://www.ncbi.nlm.nih.gov/taxonomy/browser/wwwtax.cgi?id=1874687,marine plankton metagenome,metagenome,http://purl.obolibrary.org/obo/ENVO_00002149;http://purl.obolibrary.org/obo/ENVO_00002150;http://purl.obolibrary.org/obo/ENVO_00002042,2022-06-01,BPNS_Wa_220601,Rune Lagaisse,https://orcid.org/0000-0001-9191-9140,flood_tide,,20.3,3,6,0.4,3-200,3,200,true,Niskin Bottle,WaSOP1,,2022-06-01,MSO LifeWatch Lab -80 Freezer,-80,Rune Lagaisse,https://orcid.org/0000-0001-9191-9140,,,true,,,,,,,,,,EMOBON_BPNS_Wa_123
EMOBON 220601 BPNS Wa 3 R4,EMOBON metagenome water sample from station BPNS collected on 2022-06-01 size fraction 3-200um,https://www.ncbi.nlm.nih.gov/taxonomy/browser/wwwtax.cgi?id=1874687,marine plankton metagenome,metagenome,http://purl.obolibrary.org/obo/ENVO_00002149;http://purl.obolibrary.org/obo/ENVO_00002150;http://purl.obolibrary.org/obo/ENVO_00002042,2022-06-01,BPNS_Wa_220601,Rune Lagaisse,https://orcid.org/0000-0001-9191-9140,flood_tide,,20.3,4,6,0.4,3-200,3,200,true,Niskin Bottle,WaSOP1,,2022-06-01,MSO LifeWatch Lab -80 Freezer,-80,Rune Lagaisse,https://orcid.org/0000-0001-9191-9140,,,true,,,,,,,,,,EMOBON_BPNS_Wa_124
EMOBON 220601 BPNS Wa 3 Blank,EMOBON metagenome water sample from station BPNS collected on 2022-06-01 size fraction 3-200um,https://www.ncbi.nlm.nih.gov/taxonomy/browser/wwwtax.cgi?id=256318,metagenome,metagenome,http://purl.obolibrary.org/obo/ENVO_00003065,2022-06-01,BPNS_Wa_220601,Rune Lagaisse,https://orcid.org/0000-0001-9191-9140,,,,blank_1,6,0.05,3-200,3,200,false,,WaSOP1,,2022-06-01,MSO LifeWatch Lab -80 Freezer,-80,Rune Lagaisse,https://orcid.org/0000-0001-9191-9140,,,true,,,,,,,,,,EMOBON_BPNS_Wa_125
EMOBON 220601 BPNS Wa 0.2 R1,EMOBON metagenome water sample from station BPNS collected on 2022-06-01 size fraction 0.2-3um,https://www.ncbi.nlm.nih.gov/taxonomy/browser/wwwtax.cgi?id=1874687,marine plankton metagenome,metagenome,http://purl.obolibrary.org/obo/ENVO_00002149;http://purl.obolibrary.org/obo/ENVO_00002150;http://purl.obolibrary.org/obo/ENVO_00002042,2022-06-01,BPNS_Wa_220601,Rune Lagaisse,https://orcid.org/0000-0001-9191-9140,flood_tide,,20.3,1,6,0.4,0.2-3,0.2,3,true,Niskin Bottle,WaSOP1,,2022-06-01,MSO LifeWatch Lab -80 Freezer,-80,Rune Lagaisse,https://orcid.org/0000-0001-9191-9140,,,false,2022-09-26,2022-09-30,-70,2023-06-01,2023-06-01,batch_3,,,,EMOBON_BPNS_Wa_126
EMOBON 220601 BPNS Wa 0.2 R2,EMOBON metagenome water sample from station BPNS collected on 2022-06-01 size fraction 0.2-3um,https://www.ncbi.nlm.nih.gov/taxonomy/browser/wwwtax.cgi?id=1874687,marine plankton metagenome,metagenome,http://purl.obolibrary.org/obo/ENVO_00002149;http://purl.obolibrary.org/obo/ENVO_00002150;http://purl.obolibrary.org/obo/ENVO_00002042,2022-06-01,BPNS_Wa_220601,Rune Lagaisse,https://orcid.org/0000-0001-9191-9140,flood_tide,,20.3,2,6,0.4,0.2-3,0.2,3,true,Niskin Bottle,WaSOP1,,2022-06-01,MSO LifeWatch Lab -80 Freezer,-80,Rune Lagaisse,https://orcid.org/0000-0001-9191-9140,,,false,2022-09-26,2022-09-30,-70,2023-06-01,2023-06-01,batch_3,,,,EMOBON_BPNS_Wa_127
EMOBON 220601 BPNS Wa 0.2 R3,EMOBON metagenome water sample from station BPNS collected on 2022-06-01 size fraction 0.2-3um,https://www.ncbi.nlm.nih.gov/taxonomy/browser/wwwtax.cgi?id=1874687,marine plankton metagenome,metagenome,http://purl.obolibrary.org/obo/ENVO_00002149;http://purl.obolibrary.org/obo/ENVO_00002150;http://purl.obolibrary.org/obo/ENVO_00002042,2022-06-01,BPNS_Wa_220601,Rune Lagaisse,https://orcid.org/0000-0001-9191-9140,flood_tide,,20.3,3,6,0.4,0.2-3,0.2,3,true,Niskin Bottle,WaSOP1,,2022-06-01,MSO LifeWatch Lab -80 Freezer,-80,Rune Lagaisse,https://orcid.org/0000-0001-9191-9140,,,true,,,,,,,,,,EMOBON_BPNS_Wa_128
EMOBON 220601 BPNS Wa 0.2 R4,EMOBON metagenome water sample from station BPNS collected on 2022-06-01 size fraction 0.2-3um,https://www.ncbi.nlm.nih.gov/taxonomy/browser/wwwtax.cgi?id=1874687,marine plankton metagenome,metagenome,http://purl.obolibrary.org/obo/ENVO_00002149;http://purl.obolibrary.org/obo/ENVO_00002150;http://purl.obolibrary.org/obo/ENVO_00002042,2022-06-01,BPNS_Wa_220601,Rune Lagaisse,https://orcid.org/0000-0001-9191-9140,flood_tide,,20.3,4,6,0.4,0.2-3,0.2,3,true,Niskin Bottle,WaSOP1,,2022-06-01,MSO LifeWatch Lab -80 Freezer,-80,Rune Lagaisse,https://orcid.org/0000-0001-9191-9140,,,true,,,,,,,,,,EMOBON_BPNS_Wa_129
EMOBON 220601 BPNS Wa 0.2 Blank,EMOBON metagenome water sample from station BPNS collected on 2022-06-01 size fraction 0.2-3um,https://www.ncbi.nlm.nih.gov/taxonomy/browser/wwwtax.cgi?id=256318,metagenome,metagenome,http://purl.obolibrary.org/obo/ENVO_00003065,2022-06-01,BPNS_Wa_220601,Rune Lagaisse,https://orcid.org/0000-0001-9191-9140,,,,blank_1,6,0.05,0.2-3,0.2,3,false,,WaSOP1,,2022-06-01,MSO LifeWatch Lab -80 Freezer,-80,Rune Lagaisse,https://orcid.org/0000-0001-9191-9140,,,true,,,,,,,,,,EMOBON_BPNS_Wa_130
EMOBON 220601 BPNS Wa 20 R1,EMOBON metagenome water sample from station BPNS collected on 2022-06-01 size fraction 20um,https://www.ncbi.nlm.nih.gov/taxonomy/browser/wwwtax.cgi?id=1874687,marine plankton metagenome,metagenome,http://purl.obolibrary.org/obo/ENVO_00002149;http://purl.obolibrary.org/obo/ENVO_00002150,2022-06-01,BPNS_Wa_220601,Rune Lagaisse,https://orcid.org/0000-0001-9191-9140,flood_tide,,20.3,1,0.25,0.5,20,20,,false,Apstein,WaSOP2,,2022-06-01,MSO LifeWatch Lab -80 Freezer,-80,Rune Lagaisse,https://orcid.org/0000-0001-9191-9140,,,true,,,,,,,,,,EMOBON_BPNS_Wa_131
EMOBON 220601 BPNS Wa 20 R2,EMOBON metagenome water sample from station BPNS collected on 2022-06-01 size fraction 20um,https://www.ncbi.nlm.nih.gov/taxonomy/browser/wwwtax.cgi?id=1874687,marine plankton metagenome,metagenome,http://purl.obolibrary.org/obo/ENVO_00002149;http://purl.obolibrary.org/obo/ENVO_00002150,2022-06-01,BPNS_Wa_220601,Rune Lagaisse,https://orcid.org/0000-0001-9191-9140,flood_tide,,20.3,2,0.25,0.5,20,20,,false,Apstein,WaSOP2,,2022-06-01,MSO LifeWatch Lab -80 Freezer,-80,Rune Lagaisse,https://orcid.org/0000-0001-9191-9140,,,true,,,,,,,,,,EMOBON_BPNS_Wa_132
EMOBON 220601 BPNS Wa 20 R3,EMOBON metagenome water sample from station BPNS collected on 2022-06-01 size fraction 20um,https://www.ncbi.nlm.nih.gov/taxonomy/browser/wwwtax.cgi?id=1874687,marine plankton metagenome,metagenome,http://purl.obolibrary.org/obo/ENVO_00002149;http://purl.obolibrary.org/obo/ENVO_00002150,2022-06-01,BPNS_Wa_220601,Rune Lagaisse,https://orcid.org/0000-0001-9191-9140,flood_tide,,20.3,3,0.25,0.5,20,20,,false,Apstein,WaSOP2,,2022-06-01,MSO LifeWatch Lab -80 Freezer,-80,Rune Lagaisse,https://orcid.org/0000-0001-9191-9140,,,true,,,,,,,,,,EMOBON_BPNS_Wa_133
EMOBON 220601 BPNS Wa 20 R4,EMOBON metagenome water sample from station BPNS collected on 2022-06-01 size fraction 20um,https://www.ncbi.nlm.nih.gov/taxonomy/browser/wwwtax.cgi?id=1874687,marine plankton metagenome,metagenome,http://purl.obolibrary.org/obo/ENVO_00002149;http://purl.obolibrary.org/obo/ENVO_00002150,2022-06-01,BPNS_Wa_220601,Rune Lagaisse,https://orcid.org/0000-0001-9191-9140,flood_tide,,20.3,4,0.25,0.5,20,20,,false,Apstein,WaSOP2,,2022-06-01,MSO LifeWatch Lab -80 Freezer,-80,Rune Lagaisse,https://orcid.org/0000-0001-9191-9140,,,true,,,,,,,,,,EMOBON_BPNS_Wa_134
EMOBON 220601 BPNS Wa 20 Blank,EMOBON metagenome water sample from station BPNS collected on 2022-06-01 size fraction 20um,https://www.ncbi.nlm.nih.gov/taxonomy/browser/wwwtax.cgi?id=256318,metagenome,metagenome,http://purl.obolibrary.org/obo/ENVO_00003065,2022-06-01,BPNS_Wa_220601,Rune Lagaisse,https://orcid.org/0000-0001-9191-9140,,,,blank_1,0.25,0.005,20,20,,false,,WaSOP2,,2022-06-01,MSO LifeWatch Lab -80 Freezer,-80,Rune Lagaisse,https://orcid.org/0000-0001-9191-9140,,,true,,,,,,,,,,EMOBON_BPNS_Wa_135
EMOBON 220601 BPNS Wa 200 R1,EMOBON metagenome water sample from station BPNS collected on 2022-06-01 size fraction 200um,https://www.ncbi.nlm.nih.gov/taxonomy/browser/wwwtax.cgi?id=1874687,marine plankton metagenome,metagenome,http://purl.obolibrary.org/obo/ENVO_00002149;http://purl.obolibrary.org/obo/ENVO_00002150,2022-06-01,BPNS_Wa_220601,Rune Lagaisse,https://orcid.org/0000-0001-9191-9140,flood_tide,,20.3,1,0,,200,200,,false,WP2,WaSOP3,bloom; filtrations failed; nothing went through filter after 1h of filtration; discarded top water but did freeze samples (visible material on top),2022-06-01,MSO LifeWatch Lab -80 Freezer,-80,Rune Lagaisse,https://orcid.org/0000-0001-9191-9140,,,true,,,,,,,,,,EMOBON_BPNS_Wa_136
EMOBON 220601 BPNS Wa 200 R2,EMOBON metagenome water sample from station BPNS collected on 2022-06-01 size fraction 200um,https://www.ncbi.nlm.nih.gov/taxonomy/browser/wwwtax.cgi?id=1874687,marine plankton metagenome,metagenome,http://purl.obolibrary.org/obo/ENVO_00002149;http://purl.obolibrary.org/obo/ENVO_00002150,2022-06-01,BPNS_Wa_220601,Rune Lagaisse,https://orcid.org/0000-0001-9191-9140,flood_tide,,20.3,2,0,,200,200,,false,WP2,WaSOP3,bloom; filtrations failed; nothing went through filter after 1h of filtration; discarded top water but did freeze samples (visible material on top),2022-06-01,MSO LifeWatch Lab -80 Freezer,-80,Rune Lagaisse,https://orcid.org/0000-0001-9191-9140,,,true,,,,,,,,,,EMOBON_BPNS_Wa_137
EMOBON 220601 BPNS Wa 200 R3,EMOBON metagenome water sample from station BPNS collected on 2022-06-01 size fraction 200um,https://www.ncbi.nlm.nih.gov/taxonomy/browser/wwwtax.cgi?id=1874687,marine plankton metagenome,metagenome,http://purl.obolibrary.org/obo/ENVO_00002149;http://purl.obolibrary.org/obo/ENVO_00002150,2022-06-01,BPNS_Wa_220601,Rune Lagaisse,https://orcid.org/0000-0001-9191-9140,flood_tide,,20.3,3,0,,200,200,,false,WP2,WaSOP3,bloom; filtrations failed; nothing went through filter after 1h of filtration; discarded top water but did freeze samples (visible material on top),2022-06-01,MSO LifeWatch Lab -80 Freezer,-80,Rune Lagaisse,https://orcid.org/0000-0001-9191-9140,,,true,,,,,,,,,,EMOBON_BPNS_Wa_138
EMOBON 220601 BPNS Wa 200 R4,EMOBON metagenome water sample from station BPNS collected on 2022-06-01 size fraction 200um,https://www.ncbi.nlm.nih.gov/taxonomy/browser/wwwtax.cgi?id=1874687,marine plankton metagenome,metagenome,http://purl.obolibrary.org/obo/ENVO_00002149;http://purl.obolibrary.org/obo/ENVO_00002150,2022-06-01,BPNS_Wa_220601,Rune Lagaisse,https://orcid.org/0000-0001-9191-9140,flood_tide,,20.3,4,0,,200,200,,false,WP2,WaSOP3,bloom; filtrations failed; nothing went through filter after 1h of filtration; discarded top water but did freeze samples (visible material on top),2022-06-01,MSO LifeWatch Lab -80 Freezer,-80,Rune Lagaisse,https://orcid.org/0000-0001-9191-9140,,,true,,,,,,,,,,EMOBON_BPNS_Wa_139
EMOBON 220601 BPNS Wa 200 Blank,EMOBON metagenome water sample from station BPNS collected on 2022-06-01 size fraction 200um,https://www.ncbi.nlm.nih.gov/taxonomy/browser/wwwtax.cgi?id=256318,metagenome,metagenome,http://purl.obolibrary.org/obo/ENVO_00003065,2022-06-01,BPNS_Wa_220601,Rune Lagaisse,https://orcid.org/0000-0001-9191-9140,,,,blank_1,0.25,0.005,200,200,,false,,WaSOP3,bloom; filtrations failed; nothing went through filter after 1h of filtration; discarded top water but did freeze samples (visible material on top),2022-06-01,MSO LifeWatch Lab -80 Freezer,-80,Rune Lagaisse,https://orcid.org/0000-0001-9191-9140,,,true,,,,,,,,,,EMOBON_BPNS_Wa_140
EMOBON 220819 BPNS Wa 3 R1,EMOBON metagenome water sample from station BPNS collected on 2022-08-19 size fraction 3-200um,https://www.ncbi.nlm.nih.gov/taxonomy/browser/wwwtax.cgi?id=1874687,marine plankton metagenome,metagenome,http://purl.obolibrary.org/obo/ENVO_00002149;http://purl.obolibrary.org/obo/ENVO_00002150,2022-08-19,BPNS_Wa_220819,Rune Lagaisse,https://orcid.org/0000-0001-9191-9140,flood_tide,,19.9,1,6,0.5,3-200,3,200,true,Niskin Bottle,WaSOP1,,2022-08-19,MSO LifeWatch Lab -80 Freezer,-80,Rune Lagaisse,https://orcid.org/0000-0001-9191-9140,,,false,2022-09-26,2022-09-30,-70,2023-06-01,2023-06-01,batch_3,,,,EMOBON_BPNS_Wa_141
EMOBON 220819 BPNS Wa 3 R2,EMOBON metagenome water sample from station BPNS collected on 2022-08-19 size fraction 3-200um,https://www.ncbi.nlm.nih.gov/taxonomy/browser/wwwtax.cgi?id=1874687,marine plankton metagenome,metagenome,http://purl.obolibrary.org/obo/ENVO_00002149;http://purl.obolibrary.org/obo/ENVO_00002150,2022-08-19,BPNS_Wa_220819,Rune Lagaisse,https://orcid.org/0000-0001-9191-9140,flood_tide,,19.9,2,6,0.5,3-200,3,200,true,Niskin Bottle,WaSOP1,,2022-08-19,MSO LifeWatch Lab -80 Freezer,-80,Rune Lagaisse,https://orcid.org/0000-0001-9191-9140,,,false,2022-09-26,2022-09-30,-70,2023-06-01,2023-06-01,batch_3,,,,EMOBON_BPNS_Wa_142
EMOBON 220819 BPNS Wa 3 R3,EMOBON metagenome water sample from station BPNS collected on 2022-08-19 size fraction 3-200um,https://www.ncbi.nlm.nih.gov/taxonomy/browser/wwwtax.cgi?id=1874687,marine plankton metagenome,metagenome,http://purl.obolibrary.org/obo/ENVO_00002149;http://purl.obolibrary.org/obo/ENVO_00002150,2022-08-19,BPNS_Wa_220819,Rune Lagaisse,https://orcid.org/0000-0001-9191-9140,flood_tide,,19.9,3,6,0.5,3-200,3,200,true,Niskin Bottle,WaSOP1,,2022-08-19,MSO LifeWatch Lab -80 Freezer,-80,Rune Lagaisse,https://orcid.org/0000-0001-9191-9140,,,true,,,,,,,,,,EMOBON_BPNS_Wa_143
EMOBON 220819 BPNS Wa 3 R4,EMOBON metagenome water sample from station BPNS collected on 2022-08-19 size fraction 3-200um,https://www.ncbi.nlm.nih.gov/taxonomy/browser/wwwtax.cgi?id=1874687,marine plankton metagenome,metagenome,http://purl.obolibrary.org/obo/ENVO_00002149;http://purl.obolibrary.org/obo/ENVO_00002150,2022-08-19,BPNS_Wa_220819,Rune Lagaisse,https://orcid.org/0000-0001-9191-9140,flood_tide,,19.9,4,6,0.5,3-200,3,200,true,Niskin Bottle,WaSOP1,,2022-08-19,MSO LifeWatch Lab -80 Freezer,-80,Rune Lagaisse,https://orcid.org/0000-0001-9191-9140,,,true,,,,,,,,,,EMOBON_BPNS_Wa_144
EMOBON 220819 BPNS Wa 3 Blank,EMOBON metagenome water sample from station BPNS collected on 2022-08-19 size fraction 3-200um,https://www.ncbi.nlm.nih.gov/taxonomy/browser/wwwtax.cgi?id=256318,metagenome,metagenome,http://purl.obolibrary.org/obo/ENVO_00003065,2022-08-19,BPNS_Wa_220819,Rune Lagaisse,https://orcid.org/0000-0001-9191-9140,,,,blank_1,6,0.05,3-200,3,200,false,,WaSOP1,,2022-08-19,MSO LifeWatch Lab -80 Freezer,-80,Rune Lagaisse,https://orcid.org/0000-0001-9191-9140,,,true,,,,,,,,,,EMOBON_BPNS_Wa_145
EMOBON 220819 BPNS Wa 0.2 R1,EMOBON metagenome water sample from station BPNS collected on 2022-08-19 size fraction 0.2-3um,https://www.ncbi.nlm.nih.gov/taxonomy/browser/wwwtax.cgi?id=1874687,marine plankton metagenome,metagenome,http://purl.obolibrary.org/obo/ENVO_00002149;http://purl.obolibrary.org/obo/ENVO_00002150,2022-08-19,BPNS_Wa_220819,Rune Lagaisse,https://orcid.org/0000-0001-9191-9140,flood_tide,,19.9,1,6,0.25,0.2-3,0.2,3,true,Niskin Bottle,WaSOP1,,2022-08-19,MSO LifeWatch Lab -80 Freezer,-80,Rune Lagaisse,https://orcid.org/0000-0001-9191-9140,,,false,2022-09-26,2022-09-30,-70,2023-06-01,2023-06-01,batch_3,,,,EMOBON_BPNS_Wa_146
EMOBON 220819 BPNS Wa 0.2 R2,EMOBON metagenome water sample from station BPNS collected on 2022-08-19 size fraction 0.2-3um,https://www.ncbi.nlm.nih.gov/taxonomy/browser/wwwtax.cgi?id=1874687,marine plankton metagenome,metagenome,http://purl.obolibrary.org/obo/ENVO_00002149;http://purl.obolibrary.org/obo/ENVO_00002150,2022-08-19,BPNS_Wa_220819,Rune Lagaisse,https://orcid.org/0000-0001-9191-9140,flood_tide,,19.9,2,6,0.25,0.2-3,0.2,3,true,Niskin Bottle,WaSOP1,,2022-08-19,MSO LifeWatch Lab -80 Freezer,-80,Rune Lagaisse,https://orcid.org/0000-0001-9191-9140,,,false,2022-09-26,2022-09-30,-70,2023-06-01,2023-06-01,batch_3,,,,EMOBON_BPNS_Wa_147
EMOBON 220819 BPNS Wa 0.2 R3,EMOBON metagenome water sample from station BPNS collected on 2022-08-19 size fraction 0.2-3um,https://www.ncbi.nlm.nih.gov/taxonomy/browser/wwwtax.cgi?id=1874687,marine plankton metagenome,metagenome,http://purl.obolibrary.org/obo/ENVO_00002149;http://purl.obolibrary.org/obo/ENVO_00002150,2022-08-19,BPNS_Wa_220819,Rune Lagaisse,https://orcid.org/0000-0001-9191-9140,flood_tide,,19.9,3,6,0.25,0.2-3,0.2,3,true,Niskin Bottle,WaSOP1,,2022-08-19,MSO LifeWatch Lab -80 Freezer,-80,Rune Lagaisse,https://orcid.org/0000-0001-9191-9140,,,true,,,,,,,,,,EMOBON_BPNS_Wa_148
EMOBON 220819 BPNS Wa 0.2 R4,EMOBON metagenome water sample from station BPNS collected on 2022-08-19 size fraction 0.2-3um,https://www.ncbi.nlm.nih.gov/taxonomy/browser/wwwtax.cgi?id=1874687,marine plankton metagenome,metagenome,http://purl.obolibrary.org/obo/ENVO_00002149;http://purl.obolibrary.org/obo/ENVO_00002150,2022-08-19,BPNS_Wa_220819,Rune Lagaisse,https://orcid.org/0000-0001-9191-9140,flood_tide,,19.9,4,6,0.25,0.2-3,0.2,3,true,Niskin Bottle,WaSOP1,,2022-08-19,MSO LifeWatch Lab -80 Freezer,-80,Rune Lagaisse,https://orcid.org/0000-0001-9191-9140,,,true,,,,,,,,,,EMOBON_BPNS_Wa_149
EMOBON 220819 BPNS Wa 0.2 Blank,EMOBON metagenome water sample from station BPNS collected on 2022-08-19 size fraction 0.2-3um,https://www.ncbi.nlm.nih.gov/taxonomy/browser/wwwtax.cgi?id=256318,metagenome,metagenome,http://purl.obolibrary.org/obo/ENVO_00003065,2022-08-19,BPNS_Wa_220819,Rune Lagaisse,https://orcid.org/0000-0001-9191-9140,,,,blank_1,6,0.05,0.2-3,0.2,3,false,,WaSOP1,,2022-08-19,MSO LifeWatch Lab -80 Freezer,-80,Rune Lagaisse,https://orcid.org/0000-0001-9191-9140,,,true,,,,,,,,,,EMOBON_BPNS_Wa_150
EMOBON 220819 BPNS Wa 20 R1,EMOBON metagenome water sample from station BPNS collected on 2022-08-19 size fraction 20um,https://www.ncbi.nlm.nih.gov/taxonomy/browser/wwwtax.cgi?id=1874687,marine plankton metagenome,metagenome,http://purl.obolibrary.org/obo/ENVO_00002149;http://purl.obolibrary.org/obo/ENVO_00002150,2022-08-19,BPNS_Wa_220819,Rune Lagaisse,https://orcid.org/0000-0001-9191-9140,flood_tide,,19.9,1,0.25,0.25,20,20,,false,Apstein,WaSOP2,,2022-08-19,MSO LifeWatch Lab -80 Freezer,-80,Rune Lagaisse,https://orcid.org/0000-0001-9191-9140,,,true,,,,,,,,,,EMOBON_BPNS_Wa_151
EMOBON 220819 BPNS Wa 20 R2,EMOBON metagenome water sample from station BPNS collected on 2022-08-19 size fraction 20um,https://www.ncbi.nlm.nih.gov/taxonomy/browser/wwwtax.cgi?id=1874687,marine plankton metagenome,metagenome,http://purl.obolibrary.org/obo/ENVO_00002149;http://purl.obolibrary.org/obo/ENVO_00002150,2022-08-19,BPNS_Wa_220819,Rune Lagaisse,https://orcid.org/0000-0001-9191-9140,flood_tide,,19.9,2,0.25,0.25,20,20,,false,Apstein,WaSOP2,,2022-08-19,MSO LifeWatch Lab -80 Freezer,-80,Rune Lagaisse,https://orcid.org/0000-0001-9191-9140,,,true,,,,,,,,,,EMOBON_BPNS_Wa_152
EMOBON 220819 BPNS Wa 20 R3,EMOBON metagenome water sample from station BPNS collected on 2022-08-19 size fraction 20um,https://www.ncbi.nlm.nih.gov/taxonomy/browser/wwwtax.cgi?id=1874687,marine plankton metagenome,metagenome,http://purl.obolibrary.org/obo/ENVO_00002149;http://purl.obolibrary.org/obo/ENVO_00002150,2022-08-19,BPNS_Wa_220819,Rune Lagaisse,https://orcid.org/0000-0001-9191-9140,flood_tide,,19.9,3,0.25,0.25,20,20,,false,Apstein,WaSOP2,,2022-08-19,MSO LifeWatch Lab -80 Freezer,-80,Rune Lagaisse,https://orcid.org/0000-0001-9191-9140,,,true,,,,,,,,,,EMOBON_BPNS_Wa_153
EMOBON 220819 BPNS Wa 20 R4,EMOBON metagenome water sample from station BPNS collected on 2022-08-19 size fraction 20um,https://www.ncbi.nlm.nih.gov/taxonomy/browser/wwwtax.cgi?id=1874687,marine plankton metagenome,metagenome,http://purl.obolibrary.org/obo/ENVO_00002149;http://purl.obolibrary.org/obo/ENVO_00002150,2022-08-19,BPNS_Wa_220819,Rune Lagaisse,https://orcid.org/0000-0001-9191-9140,flood_tide,,19.9,4,0.25,0.25,20,20,,false,Apstein,WaSOP2,,2022-08-19,MSO LifeWatch Lab -80 Freezer,-80,Rune Lagaisse,https://orcid.org/0000-0001-9191-9140,,,true,,,,,,,,,,EMOBON_BPNS_Wa_154
EMOBON 220819 BPNS Wa 20 Blank,EMOBON metagenome water sample from station BPNS collected on 2022-08-19 size fraction 20um,https://www.ncbi.nlm.nih.gov/taxonomy/browser/wwwtax.cgi?id=256318,metagenome,metagenome,http://purl.obolibrary.org/obo/ENVO_00003065,2022-08-19,BPNS_Wa_220819,Rune Lagaisse,https://orcid.org/0000-0001-9191-9140,,,,blank_1,0.25,0.25,20,20,,false,,WaSOP2,,2022-08-19,MSO LifeWatch Lab -80 Freezer,-80,Rune Lagaisse,https://orcid.org/0000-0001-9191-9140,,,true,,,,,,,,,,EMOBON_BPNS_Wa_155
EMOBON 220819 BPNS Wa 200 R1,EMOBON metagenome water sample from station BPNS collected on 2022-08-19 size fraction 200um,https://www.ncbi.nlm.nih.gov/taxonomy/browser/wwwtax.cgi?id=1874687,marine plankton metagenome,metagenome,http://purl.obolibrary.org/obo/ENVO_00002149;http://purl.obolibrary.org/obo/ENVO_00002150,2022-08-19,BPNS_Wa_220819,Rune Lagaisse,https://orcid.org/0000-0001-9191-9140,flood_tide,,19.9,1,0.25,0.25,200,200,,false,WP2,WaSOP3,,2022-08-19,MSO LifeWatch Lab -80 Freezer,-80,Rune Lagaisse,https://orcid.org/0000-0001-9191-9140,,,true,,,,,,,,,,EMOBON_BPNS_Wa_156
EMOBON 220819 BPNS Wa 200 R2,EMOBON metagenome water sample from station BPNS collected on 2022-08-19 size fraction 200um,https://www.ncbi.nlm.nih.gov/taxonomy/browser/wwwtax.cgi?id=1874687,marine plankton metagenome,metagenome,http://purl.obolibrary.org/obo/ENVO_00002149;http://purl.obolibrary.org/obo/ENVO_00002150,2022-08-19,BPNS_Wa_220819,Rune Lagaisse,https://orcid.org/0000-0001-9191-9140,flood_tide,,19.9,2,0.25,0.25,200,200,,false,WP2,WaSOP3,,2022-08-19,MSO LifeWatch Lab -80 Freezer,-80,Rune Lagaisse,https://orcid.org/0000-0001-9191-9140,,,true,,,,,,,,,,EMOBON_BPNS_Wa_157
EMOBON 220819 BPNS Wa 200 R3,EMOBON metagenome water sample from station BPNS collected on 2022-08-19 size fraction 200um,https://www.ncbi.nlm.nih.gov/taxonomy/browser/wwwtax.cgi?id=1874687,marine plankton metagenome,metagenome,http://purl.obolibrary.org/obo/ENVO_00002149;http://purl.obolibrary.org/obo/ENVO_00002150,2022-08-19,BPNS_Wa_220819,Rune Lagaisse,https://orcid.org/0000-0001-9191-9140,flood_tide,,19.9,3,0.25,0.25,200,200,,false,WP2,WaSOP3,,2022-08-19,MSO LifeWatch Lab -80 Freezer,-80,Rune Lagaisse,https://orcid.org/0000-0001-9191-9140,,,true,,,,,,,,,,EMOBON_BPNS_Wa_158
EMOBON 220819 BPNS Wa 200 R4,EMOBON metagenome water sample from station BPNS collected on 2022-08-19 size fraction 200um,https://www.ncbi.nlm.nih.gov/taxonomy/browser/wwwtax.cgi?id=1874687,marine plankton metagenome,metagenome,http://purl.obolibrary.org/obo/ENVO_00002149;http://purl.obolibrary.org/obo/ENVO_00002150,2022-08-19,BPNS_Wa_220819,Rune Lagaisse,https://orcid.org/0000-0001-9191-9140,flood_tide,,19.9,4,0.25,0.25,200,200,,false,WP2,WaSOP3,,2022-08-19,MSO LifeWatch Lab -80 Freezer,-80,Rune Lagaisse,https://orcid.org/0000-0001-9191-9140,,,true,,,,,,,,,,EMOBON_BPNS_Wa_159
EMOBON 220819 BPNS Wa 200 Blank,EMOBON metagenome water sample from station BPNS collected on 2022-08-19 size fraction 200um,https://www.ncbi.nlm.nih.gov/taxonomy/browser/wwwtax.cgi?id=256318,metagenome,metagenome,http://purl.obolibrary.org/obo/ENVO_00003065,2022-08-19,BPNS_Wa_220819,Rune Lagaisse,https://orcid.org/0000-0001-9191-9140,,,,blank_1,0.25,0.05,200,200,,false,,WaSOP3,,2022-08-19,MSO LifeWatch Lab -80 Freezer,-80,Rune Lagaisse,https://orcid.org/0000-0001-9191-9140,,,true,,,,,,,,,,EMOBON_BPNS_Wa_160
EMOBON 221027 BPNS Wa 3 R1,EMOBON metagenome water sample from station BPNS collected on 2022-10-27 size fraction 3-200um,https://www.ncbi.nlm.nih.gov/taxonomy/browser/wwwtax.cgi?id=1874687,marine plankton metagenome,metagenome,http://purl.obolibrary.org/obo/ENVO_00002149;http://purl.obolibrary.org/obo/ENVO_00002150,2022-10-27,BPNS_Wa_221027,Rune Lagaisse,https://orcid.org/0000-0001-9191-9140,flood_tide,,20,1,9,0.5,3-200,3,200,true,Niskin Bottle,WaSOP1,,2022-10-27,MSO LifeWatch Lab -80 Freezer,-80,Rune Lagaisse,https://orcid.org/0000-0001-9191-9140,,,false,2023-06-13,2023-06-19,-70,2024-04-17,2024-04-18,batch_4,false,,,EMOBON_BPNS_Wa_161
EMOBON 221027 BPNS Wa 3 R2,EMOBON metagenome water sample from station BPNS collected on 2022-10-27 size fraction 3-200um,https://www.ncbi.nlm.nih.gov/taxonomy/browser/wwwtax.cgi?id=1874687,marine plankton metagenome,metagenome,http://purl.obolibrary.org/obo/ENVO_00002149;http://purl.obolibrary.org/obo/ENVO_00002150,2022-10-27,BPNS_Wa_221027,Rune Lagaisse,https://orcid.org/0000-0001-9191-9140,flood_tide,,20,2,9,0.5,3-200,3,200,true,Niskin Bottle,WaSOP1,,2022-10-27,MSO LifeWatch Lab -80 Freezer,-80,Rune Lagaisse,https://orcid.org/0000-0001-9191-9140,,,false,2023-06-13,2023-06-19,-70,2024-04-17,2024-04-18,batch_4,false,,,EMOBON_BPNS_Wa_162
EMOBON 221027 BPNS Wa 3 R3,EMOBON metagenome water sample from station BPNS collected on 2022-10-27 size fraction 3-200um,https://www.ncbi.nlm.nih.gov/taxonomy/browser/wwwtax.cgi?id=1874687,marine plankton metagenome,metagenome,http://purl.obolibrary.org/obo/ENVO_00002149;http://purl.obolibrary.org/obo/ENVO_00002150,2022-10-27,BPNS_Wa_221027,Rune Lagaisse,https://orcid.org/0000-0001-9191-9140,flood_tide,,20,3,9,0.5,3-200,3,200,true,Niskin Bottle,WaSOP1,,2022-10-27,MSO LifeWatch Lab -80 Freezer,-80,Rune Lagaisse,https://orcid.org/0000-0001-9191-9140,,,true,,,,,,,,,,EMOBON_BPNS_Wa_163
EMOBON 221027 BPNS Wa 3 R4,EMOBON metagenome water sample from station BPNS collected on 2022-10-27 size fraction 3-200um,https://www.ncbi.nlm.nih.gov/taxonomy/browser/wwwtax.cgi?id=1874687,marine plankton metagenome,metagenome,http://purl.obolibrary.org/obo/ENVO_00002149;http://purl.obolibrary.org/obo/ENVO_00002150,2022-10-27,BPNS_Wa_221027,Rune Lagaisse,https://orcid.org/0000-0001-9191-9140,flood_tide,,20,4,9,0.5,3-200,3,200,true,Niskin Bottle,WaSOP1,,2022-10-27,MSO LifeWatch Lab -80 Freezer,-80,Rune Lagaisse,https://orcid.org/0000-0001-9191-9140,,,true,,,,,,,,,,EMOBON_BPNS_Wa_164
EMOBON 221027 BPNS Wa 3 Blank,EMOBON metagenome water sample from station BPNS collected on 2022-10-27 size fraction 3-200um,https://www.ncbi.nlm.nih.gov/taxonomy/browser/wwwtax.cgi?id=256318,metagenome,metagenome,http://purl.obolibrary.org/obo/ENVO_00003065,2022-10-27,BPNS_Wa_221027,Rune Lagaisse,https://orcid.org/0000-0001-9191-9140,,,,blank_1,9,0.05,3-200,3,200,false,,WaSOP1,,2022-10-27,MSO LifeWatch Lab -80 Freezer,-80,Rune Lagaisse,https://orcid.org/0000-0001-9191-9140,,,true,,,,,,,,,,EMOBON_BPNS_Wa_165
EMOBON 221027 BPNS Wa 0.2 R1,EMOBON metagenome water sample from station BPNS collected on 2022-10-27 size fraction 0.2-3um,https://www.ncbi.nlm.nih.gov/taxonomy/browser/wwwtax.cgi?id=1874687,marine plankton metagenome,metagenome,http://purl.obolibrary.org/obo/ENVO_00002149;http://purl.obolibrary.org/obo/ENVO_00002150,2022-10-27,BPNS_Wa_221027,Rune Lagaisse,https://orcid.org/0000-0001-9191-9140,flood_tide,,20,1,9,0.5,0.2-3,0.2,3,true,Niskin Bottle,WaSOP1,,2022-10-27,MSO LifeWatch Lab -80 Freezer,-80,Rune Lagaisse,https://orcid.org/0000-0001-9191-9140,,,false,2023-06-13,2023-06-19,-70,2024-04-17,2024-04-18,batch_4,false,,,EMOBON_BPNS_Wa_166
EMOBON 221027 BPNS Wa 0.2 R2,EMOBON metagenome water sample from station BPNS collected on 2022-10-27 size fraction 0.2-3um,https://www.ncbi.nlm.nih.gov/taxonomy/browser/wwwtax.cgi?id=1874687,marine plankton metagenome,metagenome,http://purl.obolibrary.org/obo/ENVO_00002149;http://purl.obolibrary.org/obo/ENVO_00002150,2022-10-27,BPNS_Wa_221027,Rune Lagaisse,https://orcid.org/0000-0001-9191-9140,flood_tide,,20,2,9,0.5,0.2-3,0.2,3,true,Niskin Bottle,WaSOP1,,2022-10-27,MSO LifeWatch Lab -80 Freezer,-80,Rune Lagaisse,https://orcid.org/0000-0001-9191-9140,,,false,2023-06-13,2023-06-19,-70,2024-04-17,2024-04-18,batch_4,false,,,EMOBON_BPNS_Wa_167
EMOBON 221027 BPNS Wa 0.2 R3,EMOBON metagenome water sample from station BPNS collected on 2022-10-27 size fraction 0.2-3um,https://www.ncbi.nlm.nih.gov/taxonomy/browser/wwwtax.cgi?id=1874687,marine plankton metagenome,metagenome,http://purl.obolibrary.org/obo/ENVO_00002149;http://purl.obolibrary.org/obo/ENVO_00002150,2022-10-27,BPNS_Wa_221027,Rune Lagaisse,https://orcid.org/0000-0001-9191-9140,flood_tide,,20,3,9,0.5,0.2-3,0.2,3,true,Niskin Bottle,WaSOP1,,2022-10-27,MSO LifeWatch Lab -80 Freezer,-80,Rune Lagaisse,https://orcid.org/0000-0001-9191-9140,,,true,,,,,,,,,,EMOBON_BPNS_Wa_168
EMOBON 221027 BPNS Wa 0.2 R4,EMOBON metagenome water sample from station BPNS collected on 2022-10-27 size fraction 0.2-3um,https://www.ncbi.nlm.nih.gov/taxonomy/browser/wwwtax.cgi?id=1874687,marine plankton metagenome,metagenome,http://purl.obolibrary.org/obo/ENVO_00002149;http://purl.obolibrary.org/obo/ENVO_00002150,2022-10-27,BPNS_Wa_221027,Rune Lagaisse,https://orcid.org/0000-0001-9191-9140,flood_tide,,20,4,9,0.5,0.2-3,0.2,3,true,Niskin Bottle,WaSOP1,,2022-10-27,MSO LifeWatch Lab -80 Freezer,-80,Rune Lagaisse,https://orcid.org/0000-0001-9191-9140,,,true,,,,,,,,,,EMOBON_BPNS_Wa_169
EMOBON 221027 BPNS Wa 0.2 Blank,EMOBON metagenome water sample from station BPNS collected on 2022-10-27 size fraction 0.2-3um,https://www.ncbi.nlm.nih.gov/taxonomy/browser/wwwtax.cgi?id=256318,metagenome,metagenome,http://purl.obolibrary.org/obo/ENVO_00003065,2022-10-27,BPNS_Wa_221027,Rune Lagaisse,https://orcid.org/0000-0001-9191-9140,,,,blank_1,9,0.05,0.2-3,0.2,3,false,,WaSOP1,,2022-10-27,MSO LifeWatch Lab -80 Freezer,-80,Rune Lagaisse,https://orcid.org/0000-0001-9191-9140,,,true,,,,,,,,,,EMOBON_BPNS_Wa_170
EMOBON 221027 BPNS Wa 20 R1,EMOBON metagenome water sample from station BPNS collected on 2022-10-27 size fraction 20um,https://www.ncbi.nlm.nih.gov/taxonomy/browser/wwwtax.cgi?id=1874687,marine plankton metagenome,metagenome,http://purl.obolibrary.org/obo/ENVO_00002149;http://purl.obolibrary.org/obo/ENVO_00002150,2022-10-27,BPNS_Wa_221027,Rune Lagaisse,https://orcid.org/0000-0001-9191-9140,flood_tide,,20,1,0.25,0.25,20,20,,false,Apstein,WaSOP2,,2022-10-27,MSO LifeWatch Lab -80 Freezer,-80,Rune Lagaisse,https://orcid.org/0000-0001-9191-9140,,,true,,,,,,,,,,EMOBON_BPNS_Wa_171
EMOBON 221027 BPNS Wa 20 R2,EMOBON metagenome water sample from station BPNS collected on 2022-10-27 size fraction 20um,https://www.ncbi.nlm.nih.gov/taxonomy/browser/wwwtax.cgi?id=1874687,marine plankton metagenome,metagenome,http://purl.obolibrary.org/obo/ENVO_00002149;http://purl.obolibrary.org/obo/ENVO_00002150,2022-10-27,BPNS_Wa_221027,Rune Lagaisse,https://orcid.org/0000-0001-9191-9140,flood_tide,,20,2,0.25,0.25,20,20,,false,Apstein,WaSOP2,,2022-10-27,MSO LifeWatch Lab -80 Freezer,-80,Rune Lagaisse,https://orcid.org/0000-0001-9191-9140,,,true,,,,,,,,,,EMOBON_BPNS_Wa_172
EMOBON 221027 BPNS Wa 20 R3,EMOBON metagenome water sample from station BPNS collected on 2022-10-27 size fraction 20um,https://www.ncbi.nlm.nih.gov/taxonomy/browser/wwwtax.cgi?id=1874687,marine plankton metagenome,metagenome,http://purl.obolibrary.org/obo/ENVO_00002149;http://purl.obolibrary.org/obo/ENVO_00002150,2022-10-27,BPNS_Wa_221027,Rune Lagaisse,https://orcid.org/0000-0001-9191-9140,flood_tide,,20,3,0.25,0.25,20,20,,false,Apstein,WaSOP2,,2022-10-27,MSO LifeWatch Lab -80 Freezer,-80,Rune Lagaisse,https://orcid.org/0000-0001-9191-9140,,,true,,,,,,,,,,EMOBON_BPNS_Wa_173
EMOBON 221027 BPNS Wa 20 R4,EMOBON metagenome water sample from station BPNS collected on 2022-10-27 size fraction 20um,https://www.ncbi.nlm.nih.gov/taxonomy/browser/wwwtax.cgi?id=1874687,marine plankton metagenome,metagenome,http://purl.obolibrary.org/obo/ENVO_00002149;http://purl.obolibrary.org/obo/ENVO_00002150,2022-10-27,BPNS_Wa_221027,Rune Lagaisse,https://orcid.org/0000-0001-9191-9140,flood_tide,,20,4,0.25,0.25,20,20,,false,Apstein,WaSOP2,,2022-10-27,MSO LifeWatch Lab -80 Freezer,-80,Rune Lagaisse,https://orcid.org/0000-0001-9191-9140,,,true,,,,,,,,,,EMOBON_BPNS_Wa_174
EMOBON 221027 BPNS Wa 20 Blank,EMOBON metagenome water sample from station BPNS collected on 2022-10-27 size fraction 20um,https://www.ncbi.nlm.nih.gov/taxonomy/browser/wwwtax.cgi?id=256318,metagenome,metagenome,http://purl.obolibrary.org/obo/ENVO_00003065,2022-10-27,BPNS_Wa_221027,Rune Lagaisse,https://orcid.org/0000-0001-9191-9140,,,,blank_1,0.25,0.05,20,20,,false,,WaSOP2,,2022-10-27,MSO LifeWatch Lab -80 Freezer,-80,Rune Lagaisse,https://orcid.org/0000-0001-9191-9140,,,true,,,,,,,,,,EMOBON_BPNS_Wa_175
EMOBON 221027 BPNS Wa 200 R1,EMOBON metagenome water sample from station BPNS collected on 2022-10-27 size fraction 200um,https://www.ncbi.nlm.nih.gov/taxonomy/browser/wwwtax.cgi?id=1874687,marine plankton metagenome,metagenome,http://purl.obolibrary.org/obo/ENVO_00002149;http://purl.obolibrary.org/obo/ENVO_00002150,2022-10-27,BPNS_Wa_221027,Rune Lagaisse,https://orcid.org/0000-0001-9191-9140,flood_tide,,20,1,0.25,0.25,200,200,,false,WP2,WaSOP3,,2022-10-27,MSO LifeWatch Lab -80 Freezer,-80,Rune Lagaisse,https://orcid.org/0000-0001-9191-9140,,,true,,,,,,,,,,EMOBON_BPNS_Wa_176
EMOBON 221027 BPNS Wa 200 R2,EMOBON metagenome water sample from station BPNS collected on 2022-10-27 size fraction 200um,https://www.ncbi.nlm.nih.gov/taxonomy/browser/wwwtax.cgi?id=1874687,marine plankton metagenome,metagenome,http://purl.obolibrary.org/obo/ENVO_00002149;http://purl.obolibrary.org/obo/ENVO_00002150,2022-10-27,BPNS_Wa_221027,Rune Lagaisse,https://orcid.org/0000-0001-9191-9140,flood_tide,,20,2,0.25,0.25,200,200,,false,WP2,WaSOP3,,2022-10-27,MSO LifeWatch Lab -80 Freezer,-80,Rune Lagaisse,https://orcid.org/0000-0001-9191-9140,,,true,,,,,,,,,,EMOBON_BPNS_Wa_177
EMOBON 221027 BPNS Wa 200 R3,EMOBON metagenome water sample from station BPNS collected on 2022-10-27 size fraction 200um,https://www.ncbi.nlm.nih.gov/taxonomy/browser/wwwtax.cgi?id=1874687,marine plankton metagenome,metagenome,http://purl.obolibrary.org/obo/ENVO_00002149;http://purl.obolibrary.org/obo/ENVO_00002150,2022-10-27,BPNS_Wa_221027,Rune Lagaisse,https://orcid.org/0000-0001-9191-9140,flood_tide,,20,3,0.25,0.25,200,200,,false,WP2,WaSOP3,,2022-10-27,MSO LifeWatch Lab -80 Freezer,-80,Rune Lagaisse,https://orcid.org/0000-0001-9191-9140,,,true,,,,,,,,,,EMOBON_BPNS_Wa_178
EMOBON 221027 BPNS Wa 200 R4,EMOBON metagenome water sample from station BPNS collected on 2022-10-27 size fraction 200um,https://www.ncbi.nlm.nih.gov/taxonomy/browser/wwwtax.cgi?id=1874687,marine plankton metagenome,metagenome,http://purl.obolibrary.org/obo/ENVO_00002149;http://purl.obolibrary.org/obo/ENVO_00002150,2022-10-27,BPNS_Wa_221027,Rune Lagaisse,https://orcid.org/0000-0001-9191-9140,flood_tide,,20,4,0.25,0.25,200,200,,false,WP2,WaSOP3,,2022-10-27,MSO LifeWatch Lab -80 Freezer,-80,Rune Lagaisse,https://orcid.org/0000-0001-9191-9140,,,true,,,,,,,,,,EMOBON_BPNS_Wa_179
EMOBON 221027 BPNS Wa 200 Blank,EMOBON metagenome water sample from station BPNS collected on 2022-10-27 size fraction 200um,https://www.ncbi.nlm.nih.gov/taxonomy/browser/wwwtax.cgi?id=256318,metagenome,metagenome,http://purl.obolibrary.org/obo/ENVO_00003065,2022-10-27,BPNS_Wa_221027,Rune Lagaisse,https://orcid.org/0000-0001-9191-9140,,,,blank_1,0.25,0.05,200,200,,false,,WaSOP3,,2022-10-27,MSO LifeWatch Lab -80 Freezer,-80,Rune Lagaisse,https://orcid.org/0000-0001-9191-9140,,,true,,,,,,,,,,EMOBON_BPNS_Wa_180
EMOBON 221212 BPNS Wa 3 R1,EMOBON metagenome water sample from station BPNS collected on 2022-12-12 size fraction 3-200um,https://www.ncbi.nlm.nih.gov/taxonomy/browser/wwwtax.cgi?id=1874687,marine plankton metagenome,metagenome,http://purl.obolibrary.org/obo/ENVO_00002149;http://purl.obolibrary.org/obo/ENVO_00002150,2022-12-12,BPNS_Wa_221212,Rune Lagaisse,https://orcid.org/0000-0001-9191-9140,flood_tide,,20,1,10,0.5,3-200,3,200,true,Niskin Bottle,WaSOP1,label faded; random relabel; might be 3um R1 or 3um R2 or 0.2um R2,2022-12-12,MSO LifeWatch Lab -80 Freezer,-80,Rune Lagaisse,https://orcid.org/0000-0001-9191-9140,,,false,2023-06-13,2023-06-19,-70,2024-04-17,2024-04-18,batch_4,true,library preparation failed and there was no more DNA,,EMOBON_BPNS_Wa_181
EMOBON 221212 BPNS Wa 3 R2,EMOBON metagenome water sample from station BPNS collected on 2022-12-12 size fraction 3-200um,https://www.ncbi.nlm.nih.gov/taxonomy/browser/wwwtax.cgi?id=1874687,marine plankton metagenome,metagenome,http://purl.obolibrary.org/obo/ENVO_00002149;http://purl.obolibrary.org/obo/ENVO_00002150,2022-12-12,BPNS_Wa_221212,Rune Lagaisse,https://orcid.org/0000-0001-9191-9140,flood_tide,,20,2,10,0.5,3-200,3,200,true,Niskin Bottle,WaSOP1,label faded; random relabel; might be 3um R1 or 3um R2 or 0.2um R2,2022-12-12,MSO LifeWatch Lab -80 Freezer,-80,Rune Lagaisse,https://orcid.org/0000-0001-9191-9140,,,false,2023-06-13,2023-06-19,-70,2024-04-17,2024-04-18,batch_4,true,library preparation failed and there was no more DNA,,EMOBON_BPNS_Wa_182
EMOBON 221212 BPNS Wa 3 R3,EMOBON metagenome water sample from station BPNS collected on 2022-12-12 size fraction 3-200um,https://www.ncbi.nlm.nih.gov/taxonomy/browser/wwwtax.cgi?id=1874687,marine plankton metagenome,metagenome,http://purl.obolibrary.org/obo/ENVO_00002149;http://purl.obolibrary.org/obo/ENVO_00002150,2022-12-12,BPNS_Wa_221212,Rune Lagaisse,https://orcid.org/0000-0001-9191-9140,flood_tide,,20,3,10,0.5,3-200,3,200,true,Niskin Bottle,WaSOP1,label faded; random relabel; might be 3um R3 or 3um R4 or blank 0.2um or blank 3,2022-12-12,MSO LifeWatch Lab -80 Freezer,-80,Rune Lagaisse,https://orcid.org/0000-0001-9191-9140,,,true,,,,,,,,,,EMOBON_BPNS_Wa_183
EMOBON 221212 BPNS Wa 3 R4,EMOBON metagenome water sample from station BPNS collected on 2022-12-12 size fraction 3-200um,https://www.ncbi.nlm.nih.gov/taxonomy/browser/wwwtax.cgi?id=1874687,marine plankton metagenome,metagenome,http://purl.obolibrary.org/obo/ENVO_00002149;http://purl.obolibrary.org/obo/ENVO_00002150,2022-12-12,BPNS_Wa_221212,Rune Lagaisse,https://orcid.org/0000-0001-9191-9140,flood_tide,,20,4,10,0.5,3-200,3,200,true,Niskin Bottle,WaSOP1,label faded; random relabel; might be 3um R3 or 3um R4 or blank 0.2um or blank 3,2022-12-12,MSO LifeWatch Lab -80 Freezer,-80,Rune Lagaisse,https://orcid.org/0000-0001-9191-9140,,,true,,,,,,,,,,EMOBON_BPNS_Wa_184
EMOBON 221212 BPNS Wa 3 Blank,EMOBON metagenome water sample from station BPNS collected on 2022-12-12 size fraction 3-200um,https://www.ncbi.nlm.nih.gov/taxonomy/browser/wwwtax.cgi?id=256318,metagenome,metagenome,http://purl.obolibrary.org/obo/ENVO_00003065,2022-12-12,BPNS_Wa_221212,Rune Lagaisse,https://orcid.org/0000-0001-9191-9140,,,,blank_1,10,0.05,3-200,3,200,false,,WaSOP1,"label faded; random relabel; might be 3um R3 or 3um R4 or blank 0.2um or blank 3, no shield yet",2022-12-12,MSO LifeWatch Lab -80 Freezer,-80,Rune Lagaisse,https://orcid.org/0000-0001-9191-9140,,,true,,,,,,,,,,EMOBON_BPNS_Wa_185
EMOBON 221212 BPNS Wa 0.2 R1,EMOBON metagenome water sample from station BPNS collected on 2022-12-12 size fraction 0.2-3um,https://www.ncbi.nlm.nih.gov/taxonomy/browser/wwwtax.cgi?id=1874687,marine plankton metagenome,metagenome,http://purl.obolibrary.org/obo/ENVO_00002149;http://purl.obolibrary.org/obo/ENVO_00002150,2022-12-12,BPNS_Wa_221212,Rune Lagaisse,https://orcid.org/0000-0001-9191-9140,flood_tide,,20,1,10,0.5,0.2-3,0.2,3,true,Niskin Bottle,WaSOP1,,2022-12-12,MSO LifeWatch Lab -80 Freezer,-80,Rune Lagaisse,https://orcid.org/0000-0001-9191-9140,,,false,2023-06-13,2023-06-19,-70,2024-04-17,2024-04-18,batch_4,true,Non quantifiable DNA; no seq library,,EMOBON_BPNS_Wa_186
EMOBON 221212 BPNS Wa 0.2 R2,EMOBON metagenome water sample from station BPNS collected on 2022-12-12 size fraction 0.2-3um,https://www.ncbi.nlm.nih.gov/taxonomy/browser/wwwtax.cgi?id=1874687,marine plankton metagenome,metagenome,http://purl.obolibrary.org/obo/ENVO_00002149;http://purl.obolibrary.org/obo/ENVO_00002150,2022-12-12,BPNS_Wa_221212,Rune Lagaisse,https://orcid.org/0000-0001-9191-9140,flood_tide,,20,2,10,0.5,0.2-3,0.2,3,true,Niskin Bottle,WaSOP1,label faded; random relabel; might be 3um R1 or 3um R2 or 0.2um R2,2022-12-12,MSO LifeWatch Lab -80 Freezer,-80,Rune Lagaisse,https://orcid.org/0000-0001-9191-9140,,,false,2023-06-13,2023-06-19,-70,2024-04-17,2024-04-18,batch_4,true,Non quantifiable DNA; no seq library,,EMOBON_BPNS_Wa_187
EMOBON 221212 BPNS Wa 0.2 R3,EMOBON metagenome water sample from station BPNS collected on 2022-12-12 size fraction 0.2-3um,https://www.ncbi.nlm.nih.gov/taxonomy/browser/wwwtax.cgi?id=1874687,marine plankton metagenome,metagenome,http://purl.obolibrary.org/obo/ENVO_00002149;http://purl.obolibrary.org/obo/ENVO_00002150,2022-12-12,BPNS_Wa_221212,Rune Lagaisse,https://orcid.org/0000-0001-9191-9140,flood_tide,,20,3,10,1,0.2-3,0.2,3,true,Niskin Bottle,WaSOP1,,2022-12-12,MSO LifeWatch Lab -80 Freezer,-80,Rune Lagaisse,https://orcid.org/0000-0001-9191-9140,,,true,,,,,,,,,,EMOBON_BPNS_Wa_188
EMOBON 221212 BPNS Wa 0.2 R4,EMOBON metagenome water sample from station BPNS collected on 2022-12-12 size fraction 0.2-3um,https://www.ncbi.nlm.nih.gov/taxonomy/browser/wwwtax.cgi?id=1874687,marine plankton metagenome,metagenome,http://purl.obolibrary.org/obo/ENVO_00002149;http://purl.obolibrary.org/obo/ENVO_00002150,2022-12-12,BPNS_Wa_221212,Rune Lagaisse,https://orcid.org/0000-0001-9191-9140,flood_tide,,20,4,10,1,0.2-3,0.2,3,true,Niskin Bottle,WaSOP1,,2022-12-12,MSO LifeWatch Lab -80 Freezer,-80,Rune Lagaisse,https://orcid.org/0000-0001-9191-9140,,,true,,,,,,,,,,EMOBON_BPNS_Wa_189
EMOBON 221212 BPNS Wa 0.2 Blank,EMOBON metagenome water sample from station BPNS collected on 2022-12-12 size fraction 0.2-3um,https://www.ncbi.nlm.nih.gov/taxonomy/browser/wwwtax.cgi?id=256318,metagenome,metagenome,http://purl.obolibrary.org/obo/ENVO_00003065,2022-12-12,BPNS_Wa_221212,Rune Lagaisse,https://orcid.org/0000-0001-9191-9140,,,,blank_1,10,0.05,0.2-3,0.2,3,false,,WaSOP1,"label faded; random relabel; might be 3um R3 or 3um R4 or blank 0.2um or blank 3, no shield yet",2022-12-12,MSO LifeWatch Lab -80 Freezer,-80,Rune Lagaisse,https://orcid.org/0000-0001-9191-9140,,,true,,,,,,,,,,EMOBON_BPNS_Wa_190
EMOBON 221212 BPNS Wa 20 R1,EMOBON metagenome water sample from station BPNS collected on 2022-12-12 size fraction 20um,https://www.ncbi.nlm.nih.gov/taxonomy/browser/wwwtax.cgi?id=1874687,marine plankton metagenome,metagenome,http://purl.obolibrary.org/obo/ENVO_00002149;http://purl.obolibrary.org/obo/ENVO_00002150,2022-12-12,BPNS_Wa_221212,Rune Lagaisse,https://orcid.org/0000-0001-9191-9140,flood_tide,,20,1,0.25,0.25,20,20,,false,Apstein,WaSOP2,,2022-12-12,MSO LifeWatch Lab -80 Freezer,-80,Rune Lagaisse,https://orcid.org/0000-0001-9191-9140,,,true,,,,,,,,,,EMOBON_BPNS_Wa_191
EMOBON 221212 BPNS Wa 20 R2,EMOBON metagenome water sample from station BPNS collected on 2022-12-12 size fraction 20um,https://www.ncbi.nlm.nih.gov/taxonomy/browser/wwwtax.cgi?id=1874687,marine plankton metagenome,metagenome,http://purl.obolibrary.org/obo/ENVO_00002149;http://purl.obolibrary.org/obo/ENVO_00002150,2022-12-12,BPNS_Wa_221212,Rune Lagaisse,https://orcid.org/0000-0001-9191-9140,flood_tide,,20,2,0.25,0.25,20,20,,false,Apstein,WaSOP2,,2022-12-12,MSO LifeWatch Lab -80 Freezer,-80,Rune Lagaisse,https://orcid.org/0000-0001-9191-9140,,,true,,,,,,,,,,EMOBON_BPNS_Wa_192
EMOBON 221212 BPNS Wa 20 R3,EMOBON metagenome water sample from station BPNS collected on 2022-12-12 size fraction 20um,https://www.ncbi.nlm.nih.gov/taxonomy/browser/wwwtax.cgi?id=1874687,marine plankton metagenome,metagenome,http://purl.obolibrary.org/obo/ENVO_00002149;http://purl.obolibrary.org/obo/ENVO_00002150,2022-12-12,BPNS_Wa_221212,Rune Lagaisse,https://orcid.org/0000-0001-9191-9140,flood_tide,,20,3,0.25,0.25,20,20,,false,Apstein,WaSOP2,,2022-12-12,MSO LifeWatch Lab -80 Freezer,-80,Rune Lagaisse,https://orcid.org/0000-0001-9191-9140,,,true,,,,,,,,,,EMOBON_BPNS_Wa_193
EMOBON 221212 BPNS Wa 20 R4,EMOBON metagenome water sample from station BPNS collected on 2022-12-12 size fraction 20um,https://www.ncbi.nlm.nih.gov/taxonomy/browser/wwwtax.cgi?id=1874687,marine plankton metagenome,metagenome,http://purl.obolibrary.org/obo/ENVO_00002149;http://purl.obolibrary.org/obo/ENVO_00002150,2022-12-12,BPNS_Wa_221212,Rune Lagaisse,https://orcid.org/0000-0001-9191-9140,flood_tide,,20,4,0.25,0.25,20,20,,false,Apstein,WaSOP2,,2022-12-12,MSO LifeWatch Lab -80 Freezer,-80,Rune Lagaisse,https://orcid.org/0000-0001-9191-9140,,,true,,,,,,,,,,EMOBON_BPNS_Wa_194
EMOBON 221212 BPNS Wa 20 Blank,EMOBON metagenome water sample from station BPNS collected on 2022-12-12 size fraction 20um,https://www.ncbi.nlm.nih.gov/taxonomy/browser/wwwtax.cgi?id=256318,metagenome,metagenome,http://purl.obolibrary.org/obo/ENVO_00003065,2022-12-12,BPNS_Wa_221212,Rune Lagaisse,https://orcid.org/0000-0001-9191-9140,,,,blank_1,0.25,0.05,20,20,,false,,WaSOP2,ran out of filters; used alternative 0.22µm,2022-12-12,MSO LifeWatch Lab -80 Freezer,-80,Rune Lagaisse,https://orcid.org/0000-0001-9191-9140,,,true,,,,,,,,,,EMOBON_BPNS_Wa_195
EMOBON 221212 BPNS Wa 200 R1,EMOBON metagenome water sample from station BPNS collected on 2022-12-12 size fraction 200um,https://www.ncbi.nlm.nih.gov/taxonomy/browser/wwwtax.cgi?id=1874687,marine plankton metagenome,metagenome,http://purl.obolibrary.org/obo/ENVO_00002149;http://purl.obolibrary.org/obo/ENVO_00002150,2022-12-12,BPNS_Wa_221212,Rune Lagaisse,https://orcid.org/0000-0001-9191-9140,flood_tide,,20,1,0.25,0.25,200,200,,false,WP2,WaSOP3,,2022-12-12,MSO LifeWatch Lab -80 Freezer,-80,Rune Lagaisse,https://orcid.org/0000-0001-9191-9140,,,true,,,,,,,,,,EMOBON_BPNS_Wa_196
EMOBON 221212 BPNS Wa 200 R2,EMOBON metagenome water sample from station BPNS collected on 2022-12-12 size fraction 200um,https://www.ncbi.nlm.nih.gov/taxonomy/browser/wwwtax.cgi?id=1874687,marine plankton metagenome,metagenome,http://purl.obolibrary.org/obo/ENVO_00002149;http://purl.obolibrary.org/obo/ENVO_00002150,2022-12-12,BPNS_Wa_221212,Rune Lagaisse,https://orcid.org/0000-0001-9191-9140,flood_tide,,20,2,0.25,0.25,200,200,,false,WP2,WaSOP3,,2022-12-12,MSO LifeWatch Lab -80 Freezer,-80,Rune Lagaisse,https://orcid.org/0000-0001-9191-9140,,,true,,,,,,,,,,EMOBON_BPNS_Wa_197
EMOBON 221212 BPNS Wa 200 R3,EMOBON metagenome water sample from station BPNS collected on 2022-12-12 size fraction 200um,https://www.ncbi.nlm.nih.gov/taxonomy/browser/wwwtax.cgi?id=1874687,marine plankton metagenome,metagenome,http://purl.obolibrary.org/obo/ENVO_00002149;http://purl.obolibrary.org/obo/ENVO_00002150,2022-12-12,BPNS_Wa_221212,Rune Lagaisse,https://orcid.org/0000-0001-9191-9140,flood_tide,,20,3,0.25,0.25,200,200,,false,WP2,WaSOP3,,2022-12-12,MSO LifeWatch Lab -80 Freezer,-80,Rune Lagaisse,https://orcid.org/0000-0001-9191-9140,,,true,,,,,,,,,,EMOBON_BPNS_Wa_198
EMOBON 221212 BPNS Wa 200 R4,EMOBON metagenome water sample from station BPNS collected on 2022-12-12 size fraction 200um,https://www.ncbi.nlm.nih.gov/taxonomy/browser/wwwtax.cgi?id=1874687,marine plankton metagenome,metagenome,http://purl.obolibrary.org/obo/ENVO_00002149;http://purl.obolibrary.org/obo/ENVO_00002150,2022-12-12,BPNS_Wa_221212,Rune Lagaisse,https://orcid.org/0000-0001-9191-9140,flood_tide,,20,4,0.25,0.25,200,200,,false,WP2,WaSOP3,,2022-12-12,MSO LifeWatch Lab -80 Freezer,-80,Rune Lagaisse,https://orcid.org/0000-0001-9191-9140,,,true,,,,,,,,,,EMOBON_BPNS_Wa_199
EMOBON 221212 BPNS Wa 200 Blank,EMOBON metagenome water sample from station BPNS collected on 2022-12-12 size fraction 200um,https://www.ncbi.nlm.nih.gov/taxonomy/browser/wwwtax.cgi?id=256318,metagenome,metagenome,http://purl.obolibrary.org/obo/ENVO_00003065,2022-12-12,BPNS_Wa_221212,Rune Lagaisse,https://orcid.org/0000-0001-9191-9140,,,,blank_1,0.25,0.05,200,200,,false,,WaSOP3,ran out of filters; used alternative 0.22µm,2022-12-12,MSO LifeWatch Lab -80 Freezer,-80,Rune Lagaisse,https://orcid.org/0000-0001-9191-9140,,,true,,,,,,,,,,EMOBON_BPNS_Wa_200
EMOBON 260427 BPNS Wa 3 R1,,,,,,,,,,,,,,,,,,,,,,,,,,,,,,,pls ship for batch 9,,,,,,,,,EMOBON_BPNS_Wa_486
EMOBON 260427 BPNS Wa 3 R2,,,,,,,,,,,,,,,,,,,,,,,,,,,,,,,,,,,,,,,,EMOBON_BPNS_Wa_487
EMOBON 260427 BPNS Wa 3 R3,,,,,,,,,,,,,,,,,,,,,,,,,,,,,,,,,,,,,,,,EMOBON_BPNS_Wa_488
EMOBON 260427 BPNS Wa 3 R4,,,,,,,,,,,,,,,,,,,,,,,,,,,,,,,,,,,,,,,,EMOBON_BPNS_Wa_489
EMOBON 260427 BPNS Wa 3 Blank,,,,,,,,,,,,,,,,,,,,,,,,,,,,,,,,,,,,,,,,EMOBON_BPNS_Wa_490
EMOBON 260427 BPNS Wa 0.2 R1,,,,,,,,,,,,,,,,,,,,,,,,,,,,,,,pls ship for batch 9,,,,,,,,,EMOBON_BPNS_Wa_491
EMOBON 260427 BPNS Wa 0.2 R2,,,,,,,,,,,,,,,,,,,,,,,,,,,,,,,,,,,,,,,,EMOBON_BPNS_Wa_492
EMOBON 260427 BPNS Wa 0.2 R3,,,,,,,,,,,,,,,,,,,,,,,,,,,,,,,,,,,,,,,,EMOBON_BPNS_Wa_493
EMOBON 260427 BPNS Wa 0.2 R4,,,,,,,,,,,,,,,,,,,,,,,,,,,,,,,,,,,,,,,,EMOBON_BPNS_Wa_494
EMOBON 260427 BPNS Wa 0.2 Blank,,,,,,,,,,,,,,,,,,,,,,,,,,,,,,,,,,,,,,,,EMOBON_BPNS_Wa_495
EMOBON 260427 BPNS Wa 20 R1,,,,,,,,,,,,,,,,,,,,,,,,,,,,,,,,,,,,,,,,EMOBON_BPNS_Wa_496
EMOBON 260427 BPNS Wa 20 R2,,,,,,,,,,,,,,,,,,,,,,,,,,,,,,,,,,,,,,,,EMOBON_BPNS_Wa_497
EMOBON 260427 BPNS Wa 20 R3,,,,,,,,,,,,,,,,,,,,,,,,,,,,,,,,,,,,,,,,EMOBON_BPNS_Wa_498
EMOBON 260427 BPNS Wa 20 R4,,,,,,,,,,,,,,,,,,,,,,,,,,,,,,,,,,,,,,,,EMOBON_BPNS_Wa_499
EMOBON 260427 BPNS Wa 20 Blank,,,,,,,,,,,,,,,,,,,,,,,,,,,,,,,,,,,,,,,,EMOBON_BPNS_Wa_500
EMOBON 260427 BPNS Wa 200 R1,,,,,,,,,,,,,,,,,,,,,,,,,,,,,,,,,,,,,,,,EMOBON_BPNS_Wa_501
EMOBON 260427 BPNS Wa 200 R2,,,,,,,,,,,,,,,,,,,,,,,,,,,,,,,,,,,,,,,,EMOBON_BPNS_Wa_502
EMOBON 260427 BPNS Wa 200 R3,,,,,,,,,,,,,,,,,,,,,,,,,,,,,,,,,,,,,,,,EMOBON_BPNS_Wa_503
EMOBON 260427 BPNS Wa 200 R4,,,,,,,,,,,,,,,,,,,,,,,,,,,,,,,,,,,,,,,,EMOBON_BPNS_Wa_504
EMOBON 260427 BPNS Wa 200 Blank,,,,,,,,,,,,,,,,,,,,,,,,,,,,,,,,,,,,,,,,EMOBON_BPNS_Wa_505
,,,,,,,,,,,,,,,,,,,,,,,,,,,,,,,,,,,,,,,,EMOBON_BPNS_Wa_506
,,,,,,,,,,,,,,,,,,,,,,,,,,,,,,,,,,,,,,,,EMOBON_BPNS_Wa_507
,,,,,,,,,,,,,,,,,,,,,,,,,,,,,,,,,,,,,,,,EMOBON_BPNS_Wa_508
,,,,,,,,,,,,,,,,,,,,,,,,,,,,,,,,,,,,,,,,EMOBON_BPNS_Wa_509
,,,,,,,,,,,,,,,,,,,,,,,,,,,,,,,,,,,,,,,,EMOBON_BPNS_Wa_510
,,,,,,,,,,,,,,,,,,,,,,,,,,,,,,,,,,,,,,,,EMOBON_BPNS_Wa_511
,,,,,,,,,,,,,,,,,,,,,,,,,,,,,,,,,,,,,,,,EMOBON_BPNS_Wa_512
,,,,,,,,,,,,,,,,,,,,,,,,,,,,,,,,,,,,,,,,EMOBON_BPNS_Wa_513
,,,,,,,,,,,,,,,,,,,,,,,,,,,,,,,,,,,,,,,,EMOBON_BPNS_Wa_514
,,,,,,,,,,,,,,,,,,,,,,,,,,,,,,,,,,,,,,,,EMOBON_BPNS_Wa_515
,,,,,,,,,,,,,,,,,,,,,,,,,,,,,,,,,,,,,,,,EMOBON_BPNS_Wa_516
,,,,,,,,,,,,,,,,,,,,,,,,,,,,,,,,,,,,,,,,EMOBON_BPNS_Wa_517
,,,,,,,,,,,,,,,,,,,,,,,,,,,,,,,,,,,,,,,,EMOBON_BPNS_Wa_518
,,,,,,,,,,,,,,,,,,,,,,,,,,,,,,,,,,,,,,,,EMOBON_BPNS_Wa_519
,,,,,,,,,,,,,,,,,,,,,,,,,,,,,,,,,,,,,,,,EMOBON_BPNS_Wa_520
,,,,,,,,,,,,,,,,,,,,,,,,,,,,,,,,,,,,,,,,EMOBON_BPNS_Wa_521
,,,,,,,,,,,,,,,,,,,,,,,,,,,,,,,,,,,,,,,,EMOBON_BPNS_Wa_522
,,,,,,,,,,,,,,,,,,,,,,,,,,,,,,,,,,,,,,,,EMOBON_BPNS_Wa_523
,,,,,,,,,,,,,,,,,,,,,,,,,,,,,,,,,,,,,,,,EMOBON_BPNS_Wa_524
,,,,,,,,,,,,,,,,,,,,,,,,,,,,,,,,,,,,,,,,EMOBON_BPNS_Wa_525
,,,,,,,,,,,,,,,,,,,,,,,,,,,,,,,,,,,,,,,,EMOBON_BPNS_Wa_526
,,,,,,,,,,,,,,,,,,,,,,,,,,,,,,,,,,,,,,,,EMOBON_BPNS_Wa_527
,,,,,,,,,,,,,,,,,,,,,,,,,,,,,,,,,,,,,,,,EMOBON_BPNS_Wa_528
,,,,,,,,,,,,,,,,,,,,,,,,,,,,,,,,,,,,,,,,EMOBON_BPNS_Wa_529
,,,,,,,,,,,,,,,,,,,,,,,,,,,,,,,,,,,,,,,,EMOBON_BPNS_Wa_530
,,,,,,,,,,,,,,,,,,,,,,,,,,,,,,,,,,,,,,,,EMOBON_BPNS_Wa_531
,,,,,,,,,,,,,,,,,,,,,,,,,,,,,,,,,,,,,,,,EMOBON_BPNS_Wa_532
