source_mat_id_orig,samp_description,tax_id,scientific_name,investigation_type,env_material,collection_date,sampling_event,sampl_person,sampl_person_orcid,tidal_stage,comm_samp,noteworthy_env_cond,replicate,size_frac_low,size_frac_up,depth,samp_collect_device,samp_mat_process,samp_mat_process_dev,samp_store_date,samp_store_loc,samp_store_temp,store_person,store_person_orcid,other_person,other_person_orcid,long_store,samp_size_mass,ship_date,arr_date_hq,store_temp_hq,ship_date_seq,arr_date_seq,seq_batch,failure,failure_comment,ENA_accession_number_sample,source_mat_id
EMOBON-210701-330-SoSOP3-Meio-R1,EMOBON mimarks-specimen sediment sample from station BPNS collected on 2021-07-01 community collected meio,33208,Metazoa ,mimarks-specimen,sediment [ENVO:00002007],2021-07-01 00:00:00,BPNS_So_210701,Lara Macheriotou,0000-0002-5662-5689,ebb_tide,meio,,1,32,NA,23.09,Van Veen Grab,SoSOP3,NA,2021-07-01 00:00:00,"UGent MarBiol Freezer #4, Box#61",-20,Lara Macheriotou,0000-0002-5662-5689,Annelien Rigaux,NA,N,340,2021-12-01 00:00:00,2021-12-03 00:00:00,-20,2022-07-18 00:00:00,2023-07-18 00:00:00,batch_3,,,,EMOBON_BPNS_So_1
EMOBON-210701-330-SoSOP3-Meio-R2,EMOBON mimarks-specimen sediment sample from station BPNS collected on 2021-07-01 community collected meio,33208,Metazoa ,mimarks-specimen,sediment [ENVO:00002007],2021-07-01 00:00:00,BPNS_So_210701,Lara Macheriotou,0000-0002-5662-5689,ebb_tide,meio,,2,32,NA,23.09,Van Veen Grab,SoSOP3,NA,2021-07-01 00:00:00,"UGent MarBiol Freezer #4, Box#61",-20,Lara Macheriotou,0000-0002-5662-5689,Annelien Rigaux,NA,N,470,2021-12-01 00:00:00,2021-12-03 00:00:00,-20,2022-07-18 00:00:00,2023-07-18 00:00:00,batch_3,,,,EMOBON_BPNS_So_2
EMOBON-210701-330-SoSOP3-Meio-R3,EMOBON mimarks-specimen sediment sample from station BPNS collected on 2021-07-01 community collected meio,33208,Metazoa ,mimarks-specimen,sediment [ENVO:00002007],2021-07-01 00:00:00,BPNS_So_210701,Lara Macheriotou,0000-0002-5662-5689,ebb_tide,meio,,3,32,NA,23.09,Van Veen Grab,SoSOP3,NA,2021-07-01 00:00:00,"UGent MarBiol Freezer #4, Box#61",-20,Lara Macheriotou,0000-0002-5662-5689,Annelien Rigaux,NA,Y,405,NA,NA,NA,NA,NA,,NA,NA,NA,EMOBON_BPNS_So_3
EMOBON-210701-330-SoSOP3-Meio-R4,EMOBON mimarks-specimen sediment sample from station BPNS collected on 2021-07-01 community collected meio,33208,Metazoa ,mimarks-specimen,sediment [ENVO:00002007],2021-07-01 00:00:00,BPNS_So_210701,Lara Macheriotou,0000-0002-5662-5689,ebb_tide,meio,,4,32,NA,23.09,Van Veen Grab,SoSOP3,NA,2021-07-01 00:00:00,"UGent MarBiol Freezer #4, Box#61",-20,Lara Macheriotou,0000-0002-5662-5689,Annelien Rigaux,NA,Y,300,NA,NA,NA,NA,NA,,NA,NA,NA,EMOBON_BPNS_So_4
EMOBON-210726-330-SoSOP3-Micro-R1,EMOBON metagenome sediment sample from station BPNS collected on 2021-07-26 community collected micro,412755,marine sediment metagenome,metagenome,sediment [ENVO:00002007],2021-07-26 00:00:00,BPNS_So_210726,Jonas Mortelmans,0000-0002-8781-7915,flood_tide,micro,,1,NA,NA,22.94,Van Veen Grab,SoSOP3,NA,2021-07-26 00:00:00,MSO LifeWatch Lab -80 Freezer,-80,Jonas Mortelmans,0000-0002-8781-7915,NA,NA,N,NA,2021-10-05 00:00:00,2021-10-08 00:00:00,-70,2021-11-24 00:00:00,2021-11-24 00:00:00,batch_1,F,NA,ERS16590019,EMOBON_BPNS_So_5
EMOBON-210726-330-SoSOP3-Micro-R2,EMOBON metagenome sediment sample from station BPNS collected on 2021-07-26 community collected micro,412755,marine sediment metagenome,metagenome,sediment [ENVO:00002007],2021-07-26 00:00:00,BPNS_So_210726,Jonas Mortelmans,0000-0002-8781-7915,flood_tide,micro,,2,NA,NA,22.94,Van Veen Grab,SoSOP3,NA,2021-07-26 00:00:00,MSO LifeWatch Lab -80 Freezer,-80,Jonas Mortelmans,0000-0002-8781-7915,NA,NA,N,NA,2021-10-05 00:00:00,2021-10-08 00:00:00,-70,2021-11-24 00:00:00,2021-11-24 00:00:00,batch_1,F,NA,ERS16590020,EMOBON_BPNS_So_6
EMOBON-210726-330-SoSOP3-Micro-R3,EMOBON metagenome sediment sample from station BPNS collected on 2021-07-26 community collected micro,412755,marine sediment metagenome,metagenome,sediment [ENVO:00002007],2021-07-26 00:00:00,BPNS_So_210726,Jonas Mortelmans,0000-0002-8781-7915,flood_tide,micro,,3,NA,NA,22.94,Van Veen Grab,SoSOP3,NA,2021-07-26 00:00:00,MSO LifeWatch Lab -80 Freezer,-80,Jonas Mortelmans,0000-0002-8781-7915,NA,NA,Y,NA,NA,NA,NA,NA,NA,,NA,NA,NA,EMOBON_BPNS_So_7
EMOBON-210726-330-SoSOP3-Micro-R4,EMOBON metagenome sediment sample from station BPNS collected on 2021-07-26 community collected micro,412755,marine sediment metagenome,metagenome,sediment [ENVO:00002007],2021-07-26 00:00:00,BPNS_So_210726,Jonas Mortelmans,0000-0002-8781-7915,flood_tide,micro,,4,NA,NA,22.94,Van Veen Grab,SoSOP3,NA,2021-07-26 00:00:00,MSO LifeWatch Lab -80 Freezer,-80,Jonas Mortelmans,0000-0002-8781-7915,NA,NA,Y,NA,NA,NA,NA,NA,NA,,NA,NA,NA,EMOBON_BPNS_So_8
EMOBON-210726-330-SoSOP3-Micro-B1,EMOBON metagenome sediment sample from station BPNS collected on 2021-07-26 community collected micro,256318,metagenome,metagenome,sediment [ENVO:00002007],2021-07-26 00:00:00,BPNS_So_210726,Jonas Mortelmans,0000-0002-8781-7915,NA,micro,,blank_1,NA,NA,22.94,NA,SoSOP3,NA,2021-07-26 00:00:00,MSO LifeWatch Lab -80 Freezer,-80,Jonas Mortelmans,0000-0002-8781-7915,NA,NA,N,NA,NA,NA,NA,NA,NA,,NA,NA,NA,EMOBON_BPNS_So_9
EMOBON-210726-330-SoSOP3-Micro-B2,EMOBON metagenome sediment sample from station BPNS collected on 2021-07-26 community collected micro,256318,metagenome,metagenome,sediment [ENVO:00002007],2021-07-26 00:00:00,BPNS_So_210726,Jonas Mortelmans,0000-0002-8781-7915,NA,micro,,blank_2,NA,NA,22.94,NA,SoSOP3,NA,2021-07-26 00:00:00,MSO LifeWatch Lab -80 Freezer,-80,Jonas Mortelmans,0000-0002-8781-7915,NA,NA,N,NA,NA,NA,NA,NA,NA,,NA,NA,NA,EMOBON_BPNS_So_10
EMOBON-210825-330-SoSOP3-Micro-R1,EMOBON metagenome sediment sample from station BPNS collected on 2021-08-25 community collected micro,412755,marine sediment metagenome,metagenome,sediment [ENVO:00002007],2021-08-25 00:00:00,BPNS_So_210825,Sander Delacauw,0000-0002-5400-2891,ebb_tide,micro,,1,NA,NA,20.54,Van Veen Grab,SoSOP3,Tube broke,NA,NA,NA,NA,NA,NA,NA,NA,NA,NA,NA,NA,NA,NA,,T,tube broke,NA,EMOBON_BPNS_So_11
EMOBON-210825-330-SoSOP3-Micro-R2,EMOBON metagenome sediment sample from station BPNS collected on 2021-08-25 community collected micro,412755,marine sediment metagenome,metagenome,sediment [ENVO:00002007],2021-08-25 00:00:00,BPNS_So_210825,Sander Delacauw,0000-0002-5400-2891,ebb_tide,micro,,2,NA,NA,20.54,Van Veen Grab,SoSOP3,NA,2021-08-25 00:00:00,MSO LifeWatch Lab -80 Freezer,-80,Sander Delacauw,0000-0002-5400-2891,Rune Lagaisse,0000-0001-9191-9140,N,NA,2021-10-05 00:00:00,2021-10-08 00:00:00,-70,2021-11-24 00:00:00,2021-11-24 00:00:00,batch_1,T,low yields; seq library prep failed,NA,EMOBON_BPNS_So_12
EMOBON-210825-330-SoSOP3-Micro-R3,EMOBON metagenome sediment sample from station BPNS collected on 2021-08-25 community collected micro,412755,marine sediment metagenome,metagenome,sediment [ENVO:00002007],2021-08-25 00:00:00,BPNS_So_210825,Sander Delacauw,0000-0002-5400-2891,ebb_tide,micro,,3,NA,NA,20.54,Van Veen Grab,SoSOP3,NA,2021-08-25 00:00:00,MSO LifeWatch Lab -80 Freezer,-80,Sander Delacauw,0000-0002-5400-2891,Rune Lagaisse,0000-0001-9191-9140,Y,NA,2021-10-05 00:00:00,2021-10-08 00:00:00,-70,2021-11-24 00:00:00,2021-11-24 00:00:00,batch_1,F,NA,ERS15538559,EMOBON_BPNS_So_13
EMOBON-210825-330-SoSOP3-Micro-R4,EMOBON metagenome sediment sample from station BPNS collected on 2021-08-25 community collected micro,412755,marine sediment metagenome,metagenome,sediment [ENVO:00002007],2021-08-25 00:00:00,BPNS_So_210825,Sander Delacauw,0000-0002-5400-2891,ebb_tide,micro,,4,NA,NA,20.54,Van Veen Grab,SoSOP3,NA,2021-08-25 00:00:00,MSO LifeWatch Lab -80 Freezer,-80,Sander Delacauw,0000-0002-5400-2891,Rune Lagaisse,0000-0001-9191-9140,Y,NA,NA,NA,NA,NA,NA,,NA,NA,NA,EMOBON_BPNS_So_14
EMOBON-210825-330-SoSOP3-Micro-B1,EMOBON metagenome sediment sample from station BPNS collected on 2021-08-25 community collected micro,256318,metagenome,metagenome,sediment [ENVO:00002007],2021-08-25 00:00:00,BPNS_So_210825,Sander Delacauw,0000-0002-5400-2891,NA,micro,,blank_1,NA,NA,20.54,NA,SoSOP3,NA,2021-08-25 00:00:00,MSO LifeWatch Lab -80 Freezer,-80,Sander Delacauw,0000-0002-5400-2891,Rune Lagaisse,0000-0001-9191-9140,N,NA,NA,NA,NA,NA,NA,,NA,NA,NA,EMOBON_BPNS_So_15
EMOBON-210825-330-SoSOP3-Micro-B2,EMOBON metagenome sediment sample from station BPNS collected on 2021-08-25 community collected micro,256318,metagenome,metagenome,sediment [ENVO:00002007],2021-08-25 00:00:00,BPNS_So_210825,Sander Delacauw,0000-0002-5400-2891,NA,micro,,blank_2,NA,NA,20.54,NA,SoSOP3,NA,2021-08-25 00:00:00,MSO LifeWatch Lab -80 Freezer,-80,Sander Delacauw,0000-0002-5400-2891,Rune Lagaisse,0000-0001-9191-9140,N,NA,NA,NA,NA,NA,NA,,NA,NA,NA,EMOBON_BPNS_So_16
EMOBON-211028-BPNS-So3-Micro-R1,EMOBON metagenome sediment sample from station BPNS collected on 2021-10-28 community collected micro,412755,marine sediment metagenome,metagenome,sediment [ENVO:00002007],2021-10-28 00:00:00,BPNS_So_211028,Sander Delacauw,0000-0002-5400-2891,ebb_tide,micro,,1,NA,NA,18.66,Van Veen Grab,SoSOP3,NA,2021-10-28 00:00:00,MSO LifeWatch Lab -80 Freezer,-80,Sander Delacauw,0000-0002-5400-2891,Rune Lagaisse,0000-0001-9191-9140,N,NA,2022-01-10 00:00:00,2022-01-18 00:00:00,-70,2022-02-22 00:00:00,2022-02-23 00:00:00,batch_2,F,NA,ERS20535373,EMOBON_BPNS_So_17
EMOBON-211028-BPNS-So3-Micro-R2,EMOBON metagenome sediment sample from station BPNS collected on 2021-10-28 community collected micro,412755,marine sediment metagenome,metagenome,sediment [ENVO:00002007],2021-10-28 00:00:00,BPNS_So_211028,Sander Delacauw,0000-0002-5400-2891,ebb_tide,micro,,2,NA,NA,18.66,Van Veen Grab,SoSOP3,NA,2021-10-28 00:00:00,MSO LifeWatch Lab -80 Freezer,-80,Sander Delacauw,0000-0002-5400-2891,Rune Lagaisse,0000-0001-9191-9140,N,NA,2022-01-10 00:00:00,2022-01-18 00:00:00,-70,2022-02-22 00:00:00,2022-02-23 00:00:00,batch_2,F,NA,ERS20535374,EMOBON_BPNS_So_18
EMOBON-211028-BPNS-So3-Micro-R3,EMOBON metagenome sediment sample from station BPNS collected on 2021-10-28 community collected micro,412755,marine sediment metagenome,metagenome,sediment [ENVO:00002007],2021-10-28 00:00:00,BPNS_So_211028,Sander Delacauw,0000-0002-5400-2891,ebb_tide,micro,,3,NA,NA,18.66,Van Veen Grab,SoSOP3,NA,2021-10-28 00:00:00,MSO LifeWatch Lab -80 Freezer,-80,Sander Delacauw,0000-0002-5400-2891,Rune Lagaisse,0000-0001-9191-9140,Y,NA,NA,NA,NA,NA,NA,,NA,NA,NA,EMOBON_BPNS_So_19
EMOBON-211028-BPNS-So3-Micro-R4,EMOBON metagenome sediment sample from station BPNS collected on 2021-10-28 community collected micro,412755,marine sediment metagenome,metagenome,sediment [ENVO:00002007],2021-10-28 00:00:00,BPNS_So_211028,Sander Delacauw,0000-0002-5400-2891,ebb_tide,micro,,4,NA,NA,18.66,Van Veen Grab,SoSOP3,NA,2021-10-28 00:00:00,MSO LifeWatch Lab -80 Freezer,-80,Sander Delacauw,0000-0002-5400-2891,Rune Lagaisse,0000-0001-9191-9140,Y,NA,NA,NA,NA,NA,NA,,NA,NA,NA,EMOBON_BPNS_So_20
EMOBON-211028-BPNS-So3-Micro-B1,EMOBON metagenome sediment sample from station BPNS collected on 2021-10-28 community collected micro,256318,metagenome,metagenome,sediment [ENVO:00002007],2021-10-28 00:00:00,BPNS_So_211028,Sander Delacauw,0000-0002-5400-2891,NA,micro,,blank_1,NA,NA,18.66,NA,SoSOP3,NA,2021-10-28 00:00:00,MSO LifeWatch Lab -80 Freezer,-80,Sander Delacauw,0000-0002-5400-2891,Rune Lagaisse,0000-0001-9191-9140,N,NA,NA,NA,NA,NA,NA,,NA,NA,NA,EMOBON_BPNS_So_21
EMOBON-211028-BPNS-So3-Micro-B2,EMOBON metagenome sediment sample from station BPNS collected on 2021-10-28 community collected micro,256318,metagenome,metagenome,sediment [ENVO:00002007],2021-10-28 00:00:00,BPNS_So_211028,Sander Delacauw,0000-0002-5400-2891,NA,micro,,blank_2,NA,NA,18.66,NA,SoSOP3,NA,2021-10-28 00:00:00,MSO LifeWatch Lab -80 Freezer,-80,Sander Delacauw,0000-0002-5400-2891,Rune Lagaisse,0000-0001-9191-9140,N,NA,NA,NA,NA,NA,NA,,NA,NA,NA,EMOBON_BPNS_So_22
EMOBON-211028-BPNS-So3-Macro-R1,EMOBON mimarks-specimen sediment sample from station BPNS collected on 2021-10-28 community collected macro,33208,Metazoa ,mimarks-specimen,sediment [ENVO:00002007],2021-10-28 00:00:00,BPNS_So_211028,Sander Delacauw,0000-0002-5400-2891,ebb_tide,macro,,1,NA,NA,19.42,Van Veen Grab,SoSOP3,NA,2021-10-28 00:00:00,MSO LifeWatch Lab -20 Freezer 3,-20,Sander Delacauw,0000-0002-5400-2891,Rune Lagaisse,0000-0001-9191-9140,N,NA,2022-01-10 00:00:00,2022-01-18 00:00:00,4,2023-10-17 00:00:00,2023-10-17 00:00:00,batch_3.2,,,,EMOBON_BPNS_So_23
EMOBON-211028-BPNS-So3-Macro-R2,EMOBON mimarks-specimen sediment sample from station BPNS collected on 2021-10-28 community collected macro,33208,Metazoa ,mimarks-specimen,sediment [ENVO:00002007],2021-10-28 00:00:00,BPNS_So_211028,Sander Delacauw,0000-0002-5400-2891,ebb_tide,macro,,2,NA,NA,19.42,Van Veen Grab,SoSOP3,NA,2021-10-28 00:00:00,MSO LifeWatch Lab -20 Freezer 3,-20,Sander Delacauw,0000-0002-5400-2891,Rune Lagaisse,0000-0001-9191-9140,N,NA,2022-01-10 00:00:00,2022-01-18 00:00:00,4,2023-10-17 00:00:00,2023-10-17 00:00:00,batch_3.2,,,,EMOBON_BPNS_So_24
EMOBON-211028-BPNS-So3-Macro-R3,EMOBON mimarks-specimen sediment sample from station BPNS collected on 2021-10-28 community collected macro,33208,Metazoa ,mimarks-specimen,sediment [ENVO:00002007],2021-10-28 00:00:00,BPNS_So_211028,Sander Delacauw,0000-0002-5400-2891,ebb_tide,macro,,3,NA,NA,19.42,Van Veen Grab,SoSOP3,NA,2021-10-28 00:00:00,MSO LifeWatch Lab -20 Freezer 3,-20,Sander Delacauw,0000-0002-5400-2891,Rune Lagaisse,0000-0001-9191-9140,Y,NA,NA,NA,NA,NA,NA,,NA,NA,NA,EMOBON_BPNS_So_25
EMOBON-211028-BPNS-So3-Macro-R4,EMOBON mimarks-specimen sediment sample from station BPNS collected on 2021-10-28 community collected macro,33208,Metazoa ,mimarks-specimen,sediment [ENVO:00002007],2021-10-28 00:00:00,BPNS_So_211028,Sander Delacauw,0000-0002-5400-2891,ebb_tide,macro,,4,NA,NA,19.42,Van Veen Grab,SoSOP3,NA,2021-10-28 00:00:00,MSO LifeWatch Lab -20 Freezer 3,-20,Sander Delacauw,0000-0002-5400-2891,Rune Lagaisse,0000-0001-9191-9140,Y,NA,NA,NA,NA,NA,NA,,NA,NA,NA,EMOBON_BPNS_So_26
EMOBON-211028-BPNS-So3-Macro-B,EMOBON mimarks-specimen sediment sample from station BPNS collected on 2021-10-28 community collected macro,256318,metagenome,mimarks-specimen,sediment [ENVO:00002007],2021-10-28 00:00:00,BPNS_So_211028,Sander Delacauw,0000-0002-5400-2891,NA,macro,,blank_1,NA,NA,19.42,NA,SoSOP3,NA,2021-10-28 00:00:00,MSO LifeWatch Lab -20 Freezer 3,-20,Sander Delacauw,0000-0002-5400-2891,Rune Lagaisse,0000-0001-9191-9140,N,NA,NA,NA,NA,NA,NA,,NA,NA,NA,EMOBON_BPNS_So_27
EMOBON-211028-BPNS-SoSOP3-Meio-R1,EMOBON mimarks-specimen sediment sample from station BPNS collected on 2021-10-28 community collected meio,33208,Metazoa ,mimarks-specimen,sediment [ENVO:00002007],2021-10-28 00:00:00,BPNS_So_211028,Lara Macheriotou,0000-0002-5662-5689,ebb_tide,meio,,1,32,NA,19.42,Van Veen Grab,SoSOP3,NA,2021-10-28 00:00:00,"UGent MarBiol Freezer #4, Box#61",-20,Lara Macheriotou,0000-0002-5662-5689,Annelien Rigaux,NA,N,170,2021-12-01 00:00:00,2021-12-03 00:00:00,-20,2022-07-18 00:00:00,2023-07-18 00:00:00,batch_3,,,,EMOBON_BPNS_So_28
EMOBON-211028-BPNS-SoSOP3-Meio-R2,EMOBON mimarks-specimen sediment sample from station BPNS collected on 2021-10-28 community collected meio,33208,Metazoa ,mimarks-specimen,sediment [ENVO:00002007],2021-10-28 00:00:00,BPNS_So_211028,Lara Macheriotou,0000-0002-5662-5689,ebb_tide,meio,,2,32,NA,19.42,Van Veen Grab,SoSOP3,NA,2021-10-28 00:00:00,"UGent MarBiol Freezer #4, Box#61",-20,Lara Macheriotou,0000-0002-5662-5689,Annelien Rigaux,NA,N,272,2021-12-01 00:00:00,2021-12-03 00:00:00,-20,2022-07-18 00:00:00,2023-07-18 00:00:00,batch_3,,,,EMOBON_BPNS_So_29
EMOBON-211028-BPNS-SoSOP3-Meio-R3,EMOBON mimarks-specimen sediment sample from station BPNS collected on 2021-10-28 community collected meio,33208,Metazoa ,mimarks-specimen,sediment [ENVO:00002007],2021-10-28 00:00:00,BPNS_So_211028,Lara Macheriotou,0000-0002-5662-5689,ebb_tide,meio,,3,32,NA,19.42,Van Veen Grab,SoSOP3,NA,2021-10-28 00:00:00,"UGent MarBiol Freezer #4, Box#61",-20,Lara Macheriotou,0000-0002-5662-5689,Annelien Rigaux,NA,Y,334,NA,NA,NA,NA,NA,,NA,NA,NA,EMOBON_BPNS_So_30
EMOBON-211028-BPNS-SoSOP3-Meio-R4,EMOBON mimarks-specimen sediment sample from station BPNS collected on 2021-10-28 community collected meio,33208,Metazoa ,mimarks-specimen,sediment [ENVO:00002007],2021-10-28 00:00:00,BPNS_So_211028,Lara Macheriotou,0000-0002-5662-5689,ebb_tide,meio,,4,32,NA,19.42,Van Veen Grab,SoSOP3,NA,2021-10-28 00:00:00,"UGent MarBiol Freezer #4, Box#61",-20,Lara Macheriotou,0000-0002-5662-5689,Annelien Rigaux,NA,Y,228,NA,NA,NA,NA,NA,,NA,NA,NA,EMOBON_BPNS_So_31
EMOBON-211028-BPNS-SoSOP3-Meio-B,EMOBON mimarks-specimen sediment sample from station BPNS collected on 2021-10-28 community collected meio,256318,metagenome,mimarks-specimen,sediment [ENVO:00002007],2021-10-28 00:00:00,BPNS_So_211028,Lara Macheriotou,0000-0002-5662-5689,NA,meio,,blank_1,NA,NA,19.42,Van Veen Grab,SoSOP3,NA,2021-10-28 00:00:00,"UGent MarBiol Freezer #4, Box#61",-20,Lara Macheriotou,0000-0002-5662-5689,Annelien Rigaux,NA,N,NA,2021-12-01 00:00:00,2021-12-03 00:00:00,-20,2022-07-18 00:00:00,2023-07-18 00:00:00,batch_3,,,,EMOBON_BPNS_So_32
EMOBON-211223-BPNS-So3-Micro-R1,EMOBON metagenome sediment sample from station BPNS collected on 2021-12-23 community collected micro,412755,marine sediment metagenome,metagenome,sediment [ENVO:00002007],2021-12-23 00:00:00,BPNS_So_211223,Rune Lagaisse,0000-0001-9191-9140,ebb_tide,micro,,1,NA,NA,21.2,Van Veen Grab,SoSOP3,Problem with underway data,2021-12-23 00:00:00,MSO LifeWatch Lab -80 Freezer,-80,Sander Delacauw,0000-0002-5400-2891,Rune Lagaisse,0000-0001-9191-9140,N,NA,2022-01-10 00:00:00,2022-01-18 00:00:00,-70,2022-02-22 00:00:00,2022-02-23 00:00:00,batch_2,F,NA,ERS20535375,EMOBON_BPNS_So_33
"EMOBON-211223-BPNS-So3-Micro-R2
",EMOBON metagenome sediment sample from station BPNS collected on 2021-12-23 community collected micro,412755,marine sediment metagenome,metagenome,sediment [ENVO:00002007],2021-12-23 00:00:00,BPNS_So_211223,Rune Lagaisse,0000-0001-9191-9140,ebb_tide,micro,,2,NA,NA,21.2,Van Veen Grab,SoSOP3,Problem with underway data,2021-12-23 00:00:00,MSO LifeWatch Lab -80 Freezer,-80,Sander Delacauw,0000-0002-5400-2891,Rune Lagaisse,0000-0001-9191-9140,N,NA,2022-01-10 00:00:00,2022-01-18 00:00:00,-70,2022-02-22 00:00:00,2022-02-23 00:00:00,batch_2,F,NA,ERS20535376,EMOBON_BPNS_So_34
EMOBON-211223-BPNS-So3-Micro-R3,EMOBON metagenome sediment sample from station BPNS collected on 2021-12-23 community collected micro,412755,marine sediment metagenome,metagenome,sediment [ENVO:00002007],2021-12-23 00:00:00,BPNS_So_211223,Rune Lagaisse,0000-0001-9191-9140,ebb_tide,micro,,3,NA,NA,21.2,Van Veen Grab,SoSOP3,Problem with underway data,2021-12-23 00:00:00,MSO LifeWatch Lab -80 Freezer,-80,Sander Delacauw,0000-0002-5400-2891,Rune Lagaisse,0000-0001-9191-9140,Y,NA,NA,NA,NA,NA,NA,,NA,NA,NA,EMOBON_BPNS_So_35
EMOBON-211223-BPNS-So3-Micro-R4,EMOBON metagenome sediment sample from station BPNS collected on 2021-12-23 community collected micro,412755,marine sediment metagenome,metagenome,sediment [ENVO:00002007],2021-12-23 00:00:00,BPNS_So_211223,Rune Lagaisse,0000-0001-9191-9140,ebb_tide,micro,,4,NA,NA,21.2,Van Veen Grab,SoSOP3,Problem with underway data,2021-12-23 00:00:00,MSO LifeWatch Lab -80 Freezer,-80,Sander Delacauw,0000-0002-5400-2891,Rune Lagaisse,0000-0001-9191-9140,Y,NA,NA,NA,NA,NA,NA,,NA,NA,NA,EMOBON_BPNS_So_36
EMOBON-211223-BPNS-So3-Micro-B1,EMOBON metagenome sediment sample from station BPNS collected on 2021-12-23 community collected micro,256318,metagenome,metagenome,sediment [ENVO:00002007],2021-12-23 00:00:00,BPNS_So_211223,Rune Lagaisse,0000-0001-9191-9140,NA,micro,,blank_1,NA,NA,21.2,NA,SoSOP3,Problem with underway data,2021-12-23 00:00:00,MSO LifeWatch Lab -80 Freezer,-80,Sander Delacauw,0000-0002-5400-2891,Rune Lagaisse,0000-0001-9191-9140,N,NA,NA,NA,NA,NA,NA,,NA,NA,NA,EMOBON_BPNS_So_37
EMOBON-211223-BPNS-So3-Micro-B2,EMOBON metagenome sediment sample from station BPNS collected on 2021-12-23 community collected micro,256318,metagenome,metagenome,sediment [ENVO:00002007],2021-12-23 00:00:00,BPNS_So_211223,Rune Lagaisse,0000-0001-9191-9140,NA,micro,,blank_2,NA,NA,21.2,NA,SoSOP3,Problem with underway data,2021-12-23 00:00:00,MSO LifeWatch Lab -80 Freezer,-80,Sander Delacauw,0000-0002-5400-2891,Rune Lagaisse,0000-0001-9191-9140,N,NA,NA,NA,NA,NA,NA,,NA,NA,NA,EMOBON_BPNS_So_38
EMOBON-220322-BPNS-So3-Micro-R1,EMOBON metagenome sediment sample from station BPNS collected on 2022-03-22 community collected micro,412755,marine sediment metagenome,metagenome,sediment [ENVO:00002007],2022-03-22 00:00:00,BPNS_So_220322,Rune Lagaisse,0000-0001-9191-9140,ebb_tide,micro,,1,NA,NA,20,Van Veen Grab,SoSOP3,Problem with underway data,2022-03-23 00:00:00,MSO LifeWatch Lab -80 Freezer,-80,Rune Lagaisse,0000-0001-9191-9140,NA,NA,N,NA,2022-09-26 00:00:00,2022-09-30 00:00:00,-70,2023-07-18 00:00:00,2023-07-18 00:00:00,batch_3,,,,EMOBON_BPNS_So_39
EMOBON-220322-BPNS-So3-Micro-R2,EMOBON metagenome sediment sample from station BPNS collected on 2022-03-22 community collected micro,412755,marine sediment metagenome,metagenome,sediment [ENVO:00002007],2022-03-22 00:00:00,BPNS_So_220322,Rune Lagaisse,0000-0001-9191-9140,ebb_tide,micro,,2,NA,NA,20,Van Veen Grab,SoSOP3,Problem with underway data,2022-03-23 00:00:00,MSO LifeWatch Lab -80 Freezer,-80,Rune Lagaisse,0000-0001-9191-9140,NA,NA,N,NA,2022-09-26 00:00:00,2022-09-30 00:00:00,-70,2023-07-18 00:00:00,2023-07-18 00:00:00,batch_3,,,,EMOBON_BPNS_So_40
EMOBON-220322-BPNS-So3-Micro-R3,EMOBON metagenome sediment sample from station BPNS collected on 2022-03-22 community collected micro,412755,marine sediment metagenome,metagenome,sediment [ENVO:00002007],2022-03-22 00:00:00,BPNS_So_220322,Rune Lagaisse,0000-0001-9191-9140,ebb_tide,micro,,3,NA,NA,20,Van Veen Grab,SoSOP3,Problem with underway data,2022-03-23 00:00:00,MSO LifeWatch Lab -80 Freezer,-80,Rune Lagaisse,0000-0001-9191-9140,NA,NA,Y,NA,NA,NA,NA,NA,NA,,NA,NA,NA,EMOBON_BPNS_So_41
EMOBON-220322-BPNS-So3-Micro-R4,EMOBON metagenome sediment sample from station BPNS collected on 2022-03-22 community collected micro,412755,marine sediment metagenome,metagenome,sediment [ENVO:00002007],2022-03-22 00:00:00,BPNS_So_220322,Rune Lagaisse,0000-0001-9191-9140,ebb_tide,micro,,4,NA,NA,20,Van Veen Grab,SoSOP3,"Tube broke, Problem with underway data",NA,NA,NA,NA,NA,NA,NA,NA,NA,NA,NA,NA,NA,NA,,"Tube broke, Problem with underway data",NA,NA,EMOBON_BPNS_So_42
EMOBON-220322-BPNS-So3-Micro-B1,EMOBON metagenome sediment sample from station BPNS collected on 2022-03-22 community collected micro,256318,metagenome,metagenome,sediment [ENVO:00002007],2022-03-22 00:00:00,BPNS_So_220322,Rune Lagaisse,0000-0001-9191-9140,NA,micro,,blank_1,NA,NA,20,NA,SoSOP3,Problem with underway data,2022-03-23 00:00:00,MSO LifeWatch Lab -80 Freezer,-80,Rune Lagaisse,0000-0001-9191-9140,NA,NA,N,NA,NA,NA,NA,NA,NA,,NA,NA,NA,EMOBON_BPNS_So_43
EMOBON-220322-BPNS-So3-Micro-B2,EMOBON metagenome sediment sample from station BPNS collected on 2022-03-22 community collected micro,256318,metagenome,metagenome,sediment [ENVO:00002007],2022-03-22 00:00:00,BPNS_So_220322,Rune Lagaisse,0000-0001-9191-9140,NA,micro,,blank_2,NA,NA,20,NA,SoSOP3,Problem with underway data,2022-03-23 00:00:00,MSO LifeWatch Lab -80 Freezer,-80,Rune Lagaisse,0000-0001-9191-9140,NA,NA,N,NA,NA,NA,NA,NA,NA,,NA,NA,NA,EMOBON_BPNS_So_44
EMOBON-220420-BPNS-So3-Micro-R1,EMOBON metagenome sediment sample from station BPNS collected on 2022-04-20 community collected micro,412755,marine sediment metagenome,metagenome,sediment [ENVO:00002007],2022-04-20 00:00:00,BPNS_So_220420,Annelien Rigaux,NA,ebb_tide,micro,,1,NA,NA,20,Van Veen Grab,SoSOP3,Problem with underway data,2022-04-21 00:00:00,MSO LifeWatch Lab -80 Freezer,-80,Rune Lagaisse,0000-0001-9191-9140,NA,NA,N,NA,2022-09-26 00:00:00,2022-09-30 00:00:00,-70,2023-07-18 00:00:00,2023-07-18 00:00:00,batch_3,,,,EMOBON_BPNS_So_45
EMOBON-220420-BPNS-So3-Micro-R2,EMOBON metagenome sediment sample from station BPNS collected on 2022-04-20 community collected micro,412755,marine sediment metagenome,metagenome,sediment [ENVO:00002007],2022-04-20 00:00:00,BPNS_So_220420,Annelien Rigaux,NA,ebb_tide,micro,,2,NA,NA,20,Van Veen Grab,SoSOP3,Problem with underway data,2022-04-21 00:00:00,MSO LifeWatch Lab -80 Freezer,-80,Rune Lagaisse,0000-0001-9191-9140,NA,NA,N,NA,2022-09-26 00:00:00,2022-09-30 00:00:00,-70,2023-07-18 00:00:00,2023-07-18 00:00:00,batch_3,,,,EMOBON_BPNS_So_46
EMOBON-220420-BPNS-So3-Micro-R3,EMOBON metagenome sediment sample from station BPNS collected on 2022-04-20 community collected micro,412755,marine sediment metagenome,metagenome,sediment [ENVO:00002007],2022-04-20 00:00:00,BPNS_So_220420,Annelien Rigaux,NA,ebb_tide,micro,,3,NA,NA,20,Van Veen Grab,SoSOP3,Problem with underway data,2022-04-21 00:00:00,MSO LifeWatch Lab -80 Freezer,-80,Rune Lagaisse,0000-0001-9191-9140,NA,NA,Y,NA,NA,NA,NA,NA,NA,,NA,NA,NA,EMOBON_BPNS_So_47
EMOBON-220420-BPNS-So3-Micro-R4,EMOBON metagenome sediment sample from station BPNS collected on 2022-04-20 community collected micro,412755,marine sediment metagenome,metagenome,sediment [ENVO:00002007],2022-04-20 00:00:00,BPNS_So_220420,Annelien Rigaux,NA,ebb_tide,micro,,4,NA,NA,20,Van Veen Grab,SoSOP3,Problem with underway data,2022-04-21 00:00:00,MSO LifeWatch Lab -80 Freezer,-80,Rune Lagaisse,0000-0001-9191-9140,NA,NA,Y,NA,NA,NA,NA,NA,NA,,NA,NA,NA,EMOBON_BPNS_So_48
EMOBON-220420-BPNS-So3-Micro-B1,EMOBON metagenome sediment sample from station BPNS collected on 2022-04-20 community collected micro,256318,metagenome,metagenome,sediment [ENVO:00002007],2022-04-20 00:00:00,BPNS_So_220420,Annelien Rigaux,NA,NA,micro,,blank_1,NA,NA,20,NA,SoSOP3,Problem with underway data,2022-04-21 00:00:00,MSO LifeWatch Lab -80 Freezer,-80,Rune Lagaisse,0000-0001-9191-9140,NA,NA,N,NA,NA,NA,NA,NA,NA,,NA,NA,NA,EMOBON_BPNS_So_49
EMOBON-220420-BPNS-So3-Micro-B2,EMOBON metagenome sediment sample from station BPNS collected on 2022-04-20 community collected micro,256318,metagenome,metagenome,sediment [ENVO:00002007],2022-04-20 00:00:00,BPNS_So_220420,Annelien Rigaux,NA,NA,micro,,blank_2,NA,NA,20,NA,SoSOP3,Problem with underway data,2022-04-21 00:00:00,MSO LifeWatch Lab -80 Freezer,-80,Rune Lagaisse,0000-0001-9191-9140,NA,NA,N,NA,NA,NA,NA,NA,NA,,NA,NA,NA,EMOBON_BPNS_So_50
EMOBON-220420-BPNS-So3-Macro-R1,EMOBON mimarks-specimen sediment sample from station BPNS collected on 2022-04-20 community collected macro,33208,Metazoa ,mimarks-specimen,sediment [ENVO:00002007],2022-04-20 00:00:00,BPNS_So_220420,Annelien Rigaux,NA,ebb_tide,macro,,1,NA,NA,20,Van Veen Grab,SoSOP3,Problem with underway data,2022-04-21 00:00:00,MSO LifeWatch Lab -20 Freezer 3,-20,Rune Lagaisse,0000-0001-9191-9140,NA,NA,N,NA,2022-09-26 00:00:00,2022-09-30 00:00:00,4,2023-06-01 00:00:00,2023-06-01 00:00:00,batch_3,,,,EMOBON_BPNS_So_51
EMOBON-220420-BPNS-So3-Macro-R2,EMOBON mimarks-specimen sediment sample from station BPNS collected on 2022-04-20 community collected macro,33208,Metazoa ,mimarks-specimen,sediment [ENVO:00002007],2022-04-20 00:00:00,BPNS_So_220420,Annelien Rigaux,NA,ebb_tide,macro,,2,NA,NA,20,Van Veen Grab,SoSOP3,Problem with underway data,2022-04-21 00:00:00,MSO LifeWatch Lab -20 Freezer 3,-20,Rune Lagaisse,0000-0001-9191-9140,NA,NA,N,NA,2022-09-26 00:00:00,2022-09-30 00:00:00,4,2023-10-17 00:00:00,2023-10-17 00:00:00,batch_3.2,,,,EMOBON_BPNS_So_52
EMOBON-220420-BPNS-So3-Macro-R3,EMOBON mimarks-specimen sediment sample from station BPNS collected on 2022-04-20 community collected macro,33208,Metazoa ,mimarks-specimen,sediment [ENVO:00002007],2022-04-20 00:00:00,BPNS_So_220420,Annelien Rigaux,NA,ebb_tide,macro,,3,NA,NA,20,Van Veen Grab,SoSOP3,Problem with underway data,2022-04-21 00:00:00,MSO LifeWatch Lab -20 Freezer 3,-20,Rune Lagaisse,0000-0001-9191-9140,NA,NA,Y,NA,NA,NA,NA,NA,NA,,NA,NA,NA,EMOBON_BPNS_So_53
EMOBON-220420-BPNS-So3-Macro-R4,EMOBON mimarks-specimen sediment sample from station BPNS collected on 2022-04-20 community collected macro,33208,Metazoa ,mimarks-specimen,sediment [ENVO:00002007],2022-04-20 00:00:00,BPNS_So_220420,Annelien Rigaux,NA,ebb_tide,macro,,4,NA,NA,20,Van Veen Grab,SoSOP3,Problem with underway data,2022-04-21 00:00:00,MSO LifeWatch Lab -20 Freezer 3,-20,Rune Lagaisse,0000-0001-9191-9140,NA,NA,Y,NA,NA,NA,NA,NA,NA,,NA,NA,NA,EMOBON_BPNS_So_54
EMOBON-220420-BPNS-So3-Macro-B,EMOBON mimarks-specimen sediment sample from station BPNS collected on 2022-04-20 community collected macro,256318,metagenome,mimarks-specimen,sediment [ENVO:00002007],2022-04-20 00:00:00,BPNS_So_220420,Annelien Rigaux,NA,NA,macro,,blank_1,NA,NA,20,NA,SoSOP3,Problem with underway data,2022-04-21 00:00:00,MSO LifeWatch Lab -20 Freezer 3,-20,Rune Lagaisse,0000-0001-9191-9140,NA,NA,N,NA,NA,NA,NA,NA,NA,,NA,NA,NA,EMOBON_BPNS_So_55
EMOBON-220420-BPNS-SoSOP3-Meio-R1,EMOBON mimarks-specimen sediment sample from station BPNS collected on 2022-04-20 community collected meio,33208,Metazoa ,mimarks-specimen,sediment [ENVO:00002007],2022-04-20 00:00:00,BPNS_So_220420,Annelien Rigaux,NA,ebb_tide,meio,,1,32,NA,20,Van Veen Grab,SoSOP3,Problem with underway data,2022-04-28 00:00:00,"UGent MarBiol Freezer #4, Box#61",-20,Annelien Rigaux,NA,Lara Macheriotou,0000-0002-5662-5689,N,639.4,2022-10-03 00:00:00,2022-10-05 00:00:00,-20,2022-11-15 00:00:00,2022-11-16 00:00:00,batch_3.1,,,,EMOBON_BPNS_So_56
EMOBON-220420-BPNS-SoSOP3-Meio-R2,EMOBON mimarks-specimen sediment sample from station BPNS collected on 2022-04-20 community collected meio,33208,Metazoa ,mimarks-specimen,sediment [ENVO:00002007],2022-04-20 00:00:00,BPNS_So_220420,Annelien Rigaux,NA,ebb_tide,meio,,2,32,NA,20,Van Veen Grab,SoSOP3,Problem with underway data,2022-04-28 00:00:00,"UGent MarBiol Freezer #4, Box#61",-20,Annelien Rigaux,NA,Lara Macheriotou,0000-0002-5662-5689,N,627.8,2022-10-03 00:00:00,2022-10-05 00:00:00,-20,2022-11-15 00:00:00,2022-11-16 00:00:00,batch_3.1,,,,EMOBON_BPNS_So_57
EMOBON-220420-BPNS-SoSOP3-Meio-R3,EMOBON mimarks-specimen sediment sample from station BPNS collected on 2022-04-20 community collected meio,33208,Metazoa ,mimarks-specimen,sediment [ENVO:00002007],2022-04-20 00:00:00,BPNS_So_220420,Annelien Rigaux,NA,ebb_tide,meio,,3,32,NA,20,Van Veen Grab,SoSOP3,Problem with underway data,2022-04-28 00:00:00,"UGent MarBiol Freezer #4, Box#61",-20,Annelien Rigaux,NA,Lara Macheriotou,0000-0002-5662-5689,Y,598.6,NA,NA,NA,NA,NA,,NA,NA,NA,EMOBON_BPNS_So_58
EMOBON-220420-BPNS-SoSOP3-Meio-R4,EMOBON mimarks-specimen sediment sample from station BPNS collected on 2022-04-20 community collected meio,33208,Metazoa ,mimarks-specimen,sediment [ENVO:00002007],2022-04-20 00:00:00,BPNS_So_220420,Annelien Rigaux,NA,ebb_tide,meio,,4,32,NA,20,Van Veen Grab,SoSOP3,Problem with underway data,2022-04-28 00:00:00,"UGent MarBiol Freezer #4, Box#61",-20,Annelien Rigaux,NA,Lara Macheriotou,0000-0002-5662-5689,Y,650,NA,NA,NA,NA,NA,,NA,NA,NA,EMOBON_BPNS_So_59
EMOBON-220420-BPNS-SoSOP3-Meio-B,EMOBON mimarks-specimen sediment sample from station BPNS collected on 2022-04-20 community collected meio,256318,metagenome,mimarks-specimen,sediment [ENVO:00002007],2022-04-20 00:00:00,BPNS_So_220420,Annelien Rigaux,NA,NA,meio,,blank_1,NA,NA,20,Van Veen Grab,SoSOP3,Problem with underway data,2022-04-28 00:00:00,"UGent MarBiol Freezer #4, Box#61",-20,Annelien Rigaux,NA,Lara Macheriotou,0000-0002-5662-5689,N,NA,NA,NA,NA,NA,NA,,NA,NA,NA,EMOBON_BPNS_So_60
EMOBON-220601-BPNS-So3-Micro-R1,EMOBON metagenome sediment sample from station BPNS collected on 2022-06-01 community collected micro,412755,marine sediment metagenome,metagenome,sediment [ENVO:00002007],2022-06-01 00:00:00,BPNS_So_220601,Rune Lagaisse,0000-0001-9191-9140,flood_tide,micro,,1,NA,NA,20.3,Van Veen Grab,SoSOP3,NA,2022-06-01 10:00:00,MSO LifeWatch Lab -80 Freezer,-80,Rune Lagaisse,0000-0001-9191-9140,NA,NA,N,NA,2022-09-26 00:00:00,2022-09-30 00:00:00,-70,2023-07-18 00:00:00,2023-07-18 00:00:00,batch_3,,,,EMOBON_BPNS_So_61
EMOBON-220601-BPNS-So3-Micro-R2,EMOBON metagenome sediment sample from station BPNS collected on 2022-06-01 community collected micro,412755,marine sediment metagenome,metagenome,sediment [ENVO:00002007],2022-06-01 00:00:00,BPNS_So_220601,Rune Lagaisse,0000-0001-9191-9140,flood_tide,micro,,2,NA,NA,20.3,Van Veen Grab,SoSOP3,NA,2022-06-01 10:00:00,MSO LifeWatch Lab -80 Freezer,-80,Rune Lagaisse,0000-0001-9191-9140,NA,NA,N,NA,2022-09-26 00:00:00,2022-09-30 00:00:00,-70,2023-07-18 00:00:00,2023-07-18 00:00:00,batch_3,,,,EMOBON_BPNS_So_62
EMOBON-220601-BPNS-So3-Micro-R3,EMOBON metagenome sediment sample from station BPNS collected on 2022-06-01 community collected micro,412755,marine sediment metagenome,metagenome,sediment [ENVO:00002007],2022-06-01 00:00:00,BPNS_So_220601,Rune Lagaisse,0000-0001-9191-9140,flood_tide,micro,,3,NA,NA,20.3,Van Veen Grab,SoSOP3,NA,2022-06-01 10:00:00,MSO LifeWatch Lab -80 Freezer,-80,Rune Lagaisse,0000-0001-9191-9140,NA,NA,Y,NA,NA,NA,NA,NA,NA,,NA,NA,NA,EMOBON_BPNS_So_63
EMOBON-220601-BPNS-So3-Micro-R4,EMOBON metagenome sediment sample from station BPNS collected on 2022-06-01 community collected micro,412755,marine sediment metagenome,metagenome,sediment [ENVO:00002007],2022-06-01 00:00:00,BPNS_So_220601,Rune Lagaisse,0000-0001-9191-9140,flood_tide,micro,,4,NA,NA,20.3,Van Veen Grab,SoSOP3,NA,2022-06-01 10:00:00,MSO LifeWatch Lab -80 Freezer,-80,Rune Lagaisse,0000-0001-9191-9140,NA,NA,Y,NA,NA,NA,NA,NA,NA,,NA,NA,NA,EMOBON_BPNS_So_64
EMOBON-220601-BPNS-So3-Micro-B1,EMOBON metagenome sediment sample from station BPNS collected on 2022-06-01 community collected micro,256318,metagenome,metagenome,sediment [ENVO:00002007],2022-06-01 00:00:00,BPNS_So_220601,Rune Lagaisse,0000-0001-9191-9140,NA,micro,,blank_1,NA,NA,20.3,NA,SoSOP3,NA,2022-06-01 10:00:00,MSO LifeWatch Lab -80 Freezer,-80,Rune Lagaisse,0000-0001-9191-9140,NA,NA,N,NA,NA,NA,NA,NA,NA,,NA,NA,NA,EMOBON_BPNS_So_65
EMOBON-220601-BPNS-So3-Micro-B2,EMOBON metagenome sediment sample from station BPNS collected on 2022-06-01 community collected micro,256318,metagenome,metagenome,sediment [ENVO:00002007],2022-06-01 00:00:00,BPNS_So_220601,Rune Lagaisse,0000-0001-9191-9140,NA,micro,,blank_2,NA,NA,20.3,NA,SoSOP3,NA,2022-06-01 10:00:00,MSO LifeWatch Lab -80 Freezer,-80,Rune Lagaisse,0000-0001-9191-9140,NA,NA,N,NA,NA,NA,NA,NA,NA,,NA,NA,NA,EMOBON_BPNS_So_66
EMOBON-220601-BPNS-SoSOP3-Meio-R1,EMOBON mimarks-specimen sediment sample from station BPNS collected on 2022-06-01 community collected meio,33208,Metazoa ,mimarks-specimen,sediment [ENVO:00002007],2022-06-01 00:00:00,BPNS_So_220601,Lara Macheriotou,0000-0002-5662-5689,flood_tide,meio,,1,32,NA,20.3,Van Veen Grab,SoSOP3,NA,2022-06-01 10:00:00,"UGent MarBiol Freezer #4, Box#61",-20,Lara Macheriotou,0000-0002-5662-5689,NA,NA,N,302.5,2022-10-03 00:00:00,2022-10-05 00:00:00,-20,2022-11-15 00:00:00,2022-11-16 00:00:00,batch_3.1,,,,EMOBON_BPNS_So_67
EMOBON-220601-BPNS-SoSOP3-Meio-R2,EMOBON mimarks-specimen sediment sample from station BPNS collected on 2022-06-01 community collected meio,33208,Metazoa ,mimarks-specimen,sediment [ENVO:00002007],2022-06-01 00:00:00,BPNS_So_220601,Lara Macheriotou,0000-0002-5662-5689,flood_tide,meio,,2,32,NA,20.3,Van Veen Grab,SoSOP3,NA,2022-06-01 10:00:00,"UGent MarBiol Freezer #4, Box#61",-20,Lara Macheriotou,0000-0002-5662-5689,NA,NA,N,248.9,2022-10-03 00:00:00,2022-10-05 00:00:00,-20,2022-11-15 00:00:00,2022-11-16 00:00:00,batch_3.1,,,,EMOBON_BPNS_So_68
EMOBON-220601-BPNS-SoSOP3-Meio-R3,EMOBON mimarks-specimen sediment sample from station BPNS collected on 2022-06-01 community collected meio,33208,Metazoa ,mimarks-specimen,sediment [ENVO:00002007],2022-06-01 00:00:00,BPNS_So_220601,Lara Macheriotou,0000-0002-5662-5689,flood_tide,meio,,3,32,NA,20.3,Van Veen Grab,SoSOP3,NA,2022-06-01 10:00:00,"UGent MarBiol Freezer #4, Box#61",-20,Lara Macheriotou,0000-0002-5662-5689,NA,NA,Y,282.7,NA,NA,NA,NA,NA,,NA,NA,NA,EMOBON_BPNS_So_69
EMOBON-220601-BPNS-SoSOP3-Meio-R4,EMOBON mimarks-specimen sediment sample from station BPNS collected on 2022-06-01 community collected meio,33208,Metazoa ,mimarks-specimen,sediment [ENVO:00002007],2022-06-01 00:00:00,BPNS_So_220601,Lara Macheriotou,0000-0002-5662-5689,flood_tide,meio,,4,32,NA,20.3,Van Veen Grab,SoSOP3,NA,2022-06-01 10:00:00,"UGent MarBiol Freezer #4, Box#61",-20,Lara Macheriotou,0000-0002-5662-5689,NA,NA,Y,329.4,NA,NA,NA,NA,NA,,NA,NA,NA,EMOBON_BPNS_So_70
EMOBON-220601-BPNS-SoSOP3-Meio-B,EMOBON mimarks-specimen sediment sample from station BPNS collected on 2022-06-01 community collected meio,256318,metagenome,mimarks-specimen,sediment [ENVO:00002007],2022-06-01 00:00:00,BPNS_So_220601,Lara Macheriotou,0000-0002-5662-5689,NA,meio,,blank_1,NA,NA,20.3,Van Veen Grab,SoSOP3,NA,2022-06-01 10:00:00,"UGent MarBiol Freezer #4, Box#61",-20,Lara Macheriotou,0000-0002-5662-5689,NA,NA,N,NA,NA,NA,NA,NA,NA,,NA,NA,NA,EMOBON_BPNS_So_71
EMOBON-220819-BPNS-So3-Micro-R1,EMOBON metagenome sediment sample from station BPNS collected on 2022-08-19 community collected micro,412755,marine sediment metagenome,metagenome,sediment [ENVO:00002007],2022-08-19 00:00:00,BPNS_So_220819,Rune Lagaisse,0000-0001-9191-9140,flood_tide,micro,,1,NA,NA,19.9,Van Veen Grab,SoSOP3,"Winch issues, no Van Veen possible",NA,NA,NA,NA,NA,NA,NA,NA,NA,NA,NA,NA,NA,NA,NA,T,"sampling failed; Winch issues, no Van Veen possible",NA,EMOBON_BPNS_So_72
EMOBON-220819-BPNS-So3-Micro-R2,EMOBON metagenome sediment sample from station BPNS collected on 2022-08-19 community collected micro,412755,marine sediment metagenome,metagenome,sediment [ENVO:00002007],2022-08-19 00:00:00,BPNS_So_220819,Rune Lagaisse,0000-0001-9191-9140,flood_tide,micro,,2,NA,NA,19.9,Van Veen Grab,SoSOP3,"Winch issues, no Van Veen possible",NA,NA,NA,NA,NA,NA,NA,NA,NA,NA,NA,NA,NA,NA,NA,T,"sampling failed; Winch issues, no Van Veen possible",NA,EMOBON_BPNS_So_73
EMOBON-220819-BPNS-So3-Micro-R3,EMOBON metagenome sediment sample from station BPNS collected on 2022-08-19 community collected micro,412755,marine sediment metagenome,metagenome,sediment [ENVO:00002007],2022-08-19 00:00:00,BPNS_So_220819,Rune Lagaisse,0000-0001-9191-9140,flood_tide,micro,,3,NA,NA,19.9,Van Veen Grab,SoSOP3,"Winch issues, no Van Veen possible",NA,NA,NA,NA,NA,NA,NA,NA,NA,NA,NA,NA,NA,NA,,T,"sampling failed; Winch issues, no Van Veen possible",NA,EMOBON_BPNS_So_74
EMOBON-220819-BPNS-So3-Micro-R4,EMOBON metagenome sediment sample from station BPNS collected on 2022-08-19 community collected micro,412755,marine sediment metagenome,metagenome,sediment [ENVO:00002007],2022-08-19 00:00:00,BPNS_So_220819,Rune Lagaisse,0000-0001-9191-9140,flood_tide,micro,,4,NA,NA,19.9,Van Veen Grab,SoSOP3,"Winch issues, no Van Veen possible",NA,NA,NA,NA,NA,NA,NA,NA,NA,NA,NA,NA,NA,NA,,T,"sampling failed; Winch issues, no Van Veen possible",NA,EMOBON_BPNS_So_75
EMOBON-220819-BPNS-So3-Micro-B1,EMOBON metagenome sediment sample from station BPNS collected on 2022-08-19 community collected micro,256318,metagenome,metagenome,sediment [ENVO:00002007],2022-08-19 00:00:00,BPNS_So_220819,Rune Lagaisse,0000-0001-9191-9140,NA,micro,,blank_1,NA,NA,19.9,NA,SoSOP3,"Winch issues, no Van Veen possible",NA,NA,NA,NA,NA,NA,NA,NA,NA,NA,NA,NA,NA,NA,,T,"sampling failed; Winch issues, no Van Veen possible",NA,EMOBON_BPNS_So_76
EMOBON-220819-BPNS-So3-Micro-B2,EMOBON metagenome sediment sample from station BPNS collected on 2022-08-19 community collected micro,256318,metagenome,metagenome,sediment [ENVO:00002007],2022-08-19 00:00:00,BPNS_So_220819,Rune Lagaisse,0000-0001-9191-9140,NA,micro,,blank_2,NA,NA,19.9,NA,SoSOP3,"Winch issues, no Van Veen possible",NA,NA,NA,NA,NA,NA,NA,NA,NA,NA,NA,NA,NA,NA,,T,"sampling failed; Winch issues, no Van Veen possible",NA,EMOBON_BPNS_So_77
EMOBON-221027-BPNS-So3-Micro-R1,EMOBON metagenome sediment sample from station BPNS collected on 2022-10-27 community collected micro,412755,marine sediment metagenome,metagenome,sediment [ENVO:00002007],2022-10-27 00:00:00,BPNS_So_221027,Rune Lagaisse,0000-0001-9191-9140,flood_tide,micro,,1,NA,NA,20,Van Veen Grab,SoSOP3,Problem with underway data,2022-10-27 16:46:00,MSO LifeWatch Lab -80 Freezer,-80,Rune Lagaisse,0000-0001-9191-9140,NA,NA,N,NA,2023-06-13 00:00:00,2023-06-19 00:00:00,-70,2024-04-17 00:00:00,2024-04-18 00:00:00,batch_4,F,NA,,EMOBON_BPNS_So_78
EMOBON-221027-BPNS-So3-Micro-R2,EMOBON metagenome sediment sample from station BPNS collected on 2022-10-27 community collected micro,412755,marine sediment metagenome,metagenome,sediment [ENVO:00002007],2022-10-27 00:00:00,BPNS_So_221027,Rune Lagaisse,0000-0001-9191-9140,flood_tide,micro,,2,NA,NA,20,Van Veen Grab,SoSOP3,Problem with underway data,2022-10-27 16:46:00,MSO LifeWatch Lab -80 Freezer,-80,Rune Lagaisse,0000-0001-9191-9140,NA,NA,N,NA,2023-06-13 00:00:00,2023-06-19 00:00:00,-70,2024-04-17 00:00:00,2024-04-18 00:00:00,batch_4,F,NA,,EMOBON_BPNS_So_79
EMOBON-221027-BPNS-So3-Micro-R3,EMOBON metagenome sediment sample from station BPNS collected on 2022-10-27 community collected micro,412755,marine sediment metagenome,metagenome,sediment [ENVO:00002007],2022-10-27 00:00:00,BPNS_So_221027,Rune Lagaisse,0000-0001-9191-9140,flood_tide,micro,,3,NA,NA,20,Van Veen Grab,SoSOP3,Problem with underway data,2022-10-27 16:46:00,MSO LifeWatch Lab -80 Freezer,-80,Rune Lagaisse,0000-0001-9191-9140,NA,NA,Y,NA,NA,NA,NA,NA,NA,,NA,NA,NA,EMOBON_BPNS_So_80
EMOBON-221027-BPNS-So3-Micro-R4,EMOBON metagenome sediment sample from station BPNS collected on 2022-10-27 community collected micro,412755,marine sediment metagenome,metagenome,sediment [ENVO:00002007],2022-10-27 00:00:00,BPNS_So_221027,Rune Lagaisse,0000-0001-9191-9140,flood_tide,micro,,4,NA,NA,20,Van Veen Grab,SoSOP3,Problem with underway data,2022-10-27 16:46:00,MSO LifeWatch Lab -80 Freezer,-80,Rune Lagaisse,0000-0001-9191-9140,NA,NA,Y,NA,NA,NA,NA,NA,NA,,NA,NA,NA,EMOBON_BPNS_So_81
EMOBON-221027-BPNS-So3-Micro-B1,EMOBON metagenome sediment sample from station BPNS collected on 2022-10-27 community collected micro,256318,metagenome,metagenome,sediment [ENVO:00002007],2022-10-27 00:00:00,BPNS_So_221027,Rune Lagaisse,0000-0001-9191-9140,NA,micro,,blank_1,NA,NA,20,NA,SoSOP3,Problem with underway data,2022-10-27 16:46:00,MSO LifeWatch Lab -80 Freezer,-80,Rune Lagaisse,0000-0001-9191-9140,NA,NA,N,NA,NA,NA,NA,NA,NA,,NA,NA,NA,EMOBON_BPNS_So_82
EMOBON-221027-BPNS-So3-Micro-B2,EMOBON metagenome sediment sample from station BPNS collected on 2022-10-27 community collected micro,256318,metagenome,metagenome,sediment [ENVO:00002007],2022-10-27 00:00:00,BPNS_So_221027,Rune Lagaisse,0000-0001-9191-9140,NA,micro,,blank_2,NA,NA,20,NA,SoSOP3,Problem with underway data,2022-10-27 16:46:00,MSO LifeWatch Lab -80 Freezer,-80,Rune Lagaisse,0000-0001-9191-9140,NA,NA,N,NA,NA,NA,NA,NA,NA,,NA,NA,NA,EMOBON_BPNS_So_83
EMOBON-221027-BPNS-So3-Macro-R1,EMOBON mimarks-specimen sediment sample from station BPNS collected on 2022-10-27 community collected macro,33208,Metazoa ,mimarks-specimen,sediment [ENVO:00002007],2022-10-27 00:00:00,BPNS_So_221027,Rune Lagaisse,0000-0001-9191-9140,flood_tide,macro,,1,NA,NA,20,Van Veen Grab,SoSOP3,Problem with underway data,2022-10-27 16:46:00,MSO LifeWatch Lab -20 Freezer 3,-20,Rune Lagaisse,0000-0001-9191-9140,NA,NA,N,NA,2023-09-11 00:00:00,2023-09-14 00:00:00,4,,,batch_4,F,NA; only 18S v1-v2 was successful,,EMOBON_BPNS_So_84
EMOBON-221027-BPNS-So3-Macro-R2,EMOBON mimarks-specimen sediment sample from station BPNS collected on 2022-10-27 community collected macro,33208,Metazoa ,mimarks-specimen,sediment [ENVO:00002007],2022-10-27 00:00:00,BPNS_So_221027,Rune Lagaisse,0000-0001-9191-9140,flood_tide,macro,,2,NA,NA,20,Van Veen Grab,SoSOP3,Problem with underway data,2022-10-27 16:46:00,MSO LifeWatch Lab -20 Freezer 3,-20,Rune Lagaisse,0000-0001-9191-9140,NA,NA,N,NA,2023-09-11 00:00:00,2023-09-14 00:00:00,4,,,batch_4,F,NA; only 18S v1-v2 was successful,,EMOBON_BPNS_So_85
EMOBON-221027-BPNS-So3-Macro-R3,EMOBON mimarks-specimen sediment sample from station BPNS collected on 2022-10-27 community collected macro,33208,Metazoa ,mimarks-specimen,sediment [ENVO:00002007],2022-10-27 00:00:00,BPNS_So_221027,Rune Lagaisse,0000-0001-9191-9140,flood_tide,macro,,3,NA,NA,20,Van Veen Grab,SoSOP3,Problem with underway data,2022-10-27 16:46:00,MSO LifeWatch Lab -20 Freezer 3,-20,Rune Lagaisse,0000-0001-9191-9140,NA,NA,Y,NA,NA,NA,NA,NA,NA,,NA,NA,NA,EMOBON_BPNS_So_86
EMOBON-221027-BPNS-So3-Macro-R4,EMOBON mimarks-specimen sediment sample from station BPNS collected on 2022-10-27 community collected macro,33208,Metazoa ,mimarks-specimen,sediment [ENVO:00002007],2022-10-27 00:00:00,BPNS_So_221027,Rune Lagaisse,0000-0001-9191-9140,flood_tide,macro,,4,NA,NA,20,Van Veen Grab,SoSOP3,Problem with underway data,2022-10-27 16:46:00,MSO LifeWatch Lab -20 Freezer 3,-20,Rune Lagaisse,0000-0001-9191-9140,NA,NA,Y,NA,NA,NA,NA,NA,NA,,NA,NA,NA,EMOBON_BPNS_So_87
EMOBON-221027-BPNS-So3-Macro-B,EMOBON mimarks-specimen sediment sample from station BPNS collected on 2022-10-27 community collected macro,256318,metagenome,mimarks-specimen,sediment [ENVO:00002007],2022-10-27 00:00:00,BPNS_So_221027,Rune Lagaisse,0000-0001-9191-9140,NA,macro,,blank_1,NA,NA,20,NA,SoSOP3,Problem with underway data,2022-10-27 16:46:00,MSO LifeWatch Lab -20 Freezer 3,-20,Rune Lagaisse,0000-0001-9191-9140,NA,NA,N,NA,NA,NA,NA,NA,NA,,NA,NA,NA,EMOBON_BPNS_So_88
EMOBON-221027-BPNS-SoSOP3-Meio-R1,EMOBON mimarks-specimen sediment sample from station BPNS collected on 2022-10-27 community collected meio,33208,Metazoa ,mimarks-specimen,sediment [ENVO:00002007],2022-10-27 00:00:00,BPNS_So_221027,Rune Lagaisse,0000-0001-9191-9140,flood_tide,meio,,1,32,NA,20,Van Veen Grab,SoSOP3,Problem with underway data,2022-10-27 00:00:00,"UGent MarBiol Freezer #4, Box#61",-20,Annelien Rigaux,NA,Lara Macheriotou,0000-0002-5662-5689,N,NA,2023-10-03 00:00:00,2023-10-09 00:00:00,4,,,batch_5,F,NA,,EMOBON_BPNS_So_89
EMOBON-221027-BPNS-SoSOP3-Meio-R2,EMOBON mimarks-specimen sediment sample from station BPNS collected on 2022-10-27 community collected meio,33208,Metazoa ,mimarks-specimen,sediment [ENVO:00002007],2022-10-27 00:00:00,BPNS_So_221027,Rune Lagaisse,0000-0001-9191-9140,flood_tide,meio,,2,32,NA,20,Van Veen Grab,SoSOP3,Problem with underway data,2022-10-27 00:00:00,"UGent MarBiol Freezer #4, Box#61",-20,Annelien Rigaux,NA,Lara Macheriotou,0000-0002-5662-5689,N,NA,2023-10-03 00:00:00,2023-10-09 00:00:00,4,,,batch_5,F,NA,,EMOBON_BPNS_So_90
EMOBON-221027-BPNS-SoSOP3-Meio-R3,EMOBON mimarks-specimen sediment sample from station BPNS collected on 2022-10-27 community collected meio,33208,Metazoa ,mimarks-specimen,sediment [ENVO:00002007],2022-10-27 00:00:00,BPNS_So_221027,Rune Lagaisse,0000-0001-9191-9140,flood_tide,meio,,3,32,NA,20,Van Veen Grab,SoSOP3,Problem with underway data,2022-10-27 00:00:00,"UGent MarBiol Freezer #4, Box#61",-20,Annelien Rigaux,NA,Lara Macheriotou,0000-0002-5662-5689,Y,236.9,NA,NA,NA,NA,NA,,NA,NA,NA,EMOBON_BPNS_So_91
EMOBON-221027-BPNS-SoSOP3-Meio-R4,EMOBON mimarks-specimen sediment sample from station BPNS collected on 2022-10-27 community collected meio,33208,Metazoa ,mimarks-specimen,sediment [ENVO:00002007],2022-10-27 00:00:00,BPNS_So_221027,Rune Lagaisse,0000-0001-9191-9140,flood_tide,meio,,4,32,NA,20,Van Veen Grab,SoSOP3,Problem with underway data,2022-10-27 00:00:00,"UGent MarBiol Freezer #4, Box#61",-20,Annelien Rigaux,NA,Lara Macheriotou,0000-0002-5662-5689,Y,226.7,NA,NA,NA,NA,NA,,NA,NA,NA,EMOBON_BPNS_So_92
EMOBON-221027-BPNS-SoSOP3-Meio-B,EMOBON mimarks-specimen sediment sample from station BPNS collected on 2022-10-27 community collected meio,256318,metagenome,mimarks-specimen,sediment [ENVO:00002007],2022-10-27 00:00:00,BPNS_So_221027,Rune Lagaisse,0000-0001-9191-9140,NA,meio,,blank_1,32,NA,20,Van Veen Grab,SoSOP3,Problem with underway data,2022-10-27 00:00:00,"UGent MarBiol Freezer #4, Box#61",-20,Annelien Rigaux,NA,Lara Macheriotou,0000-0002-5662-5689,N,NA,NA,NA,NA,NA,NA,,NA,NA,NA,EMOBON_BPNS_So_93
EMOBON-221212-BPNS-So3-Micro-R1,EMOBON metagenome sediment sample from station BPNS collected on 2022-12-12 community collected micro,412755,marine sediment metagenome,metagenome,sediment [ENVO:00002007],2022-12-12 00:00:00,BPNS_So_221212,Rune Lagaisse,0000-0001-9191-9140,flood_tide,micro,,1,NA,NA,24.61,Van Veen Grab,SoSOP3,NA,2022-12-14 15:56:00,MSO LifeWatch Lab -80 Freezer,-80,Rune Lagaisse,0000-0001-9191-9140,NA,NA,N,NA,2023-06-13 00:00:00,2023-06-19 00:00:00,-70,2024-04-17 00:00:00,2024-04-18 00:00:00,batch_4,F,NA,,EMOBON_BPNS_So_94
EMOBON-221212-BPNS-So3-Micro-R2,EMOBON metagenome sediment sample from station BPNS collected on 2022-12-12 community collected micro,412755,marine sediment metagenome,metagenome,sediment [ENVO:00002007],2022-12-12 00:00:00,BPNS_So_221212,Rune Lagaisse,0000-0001-9191-9140,flood_tide,micro,,2,NA,NA,24.61,Van Veen Grab,SoSOP3,NA,2022-12-14 15:56:00,MSO LifeWatch Lab -80 Freezer,-80,Rune Lagaisse,0000-0001-9191-9140,NA,NA,N,NA,2023-06-13 00:00:00,2023-06-19 00:00:00,-70,2024-04-17 00:00:00,2024-04-18 00:00:00,batch_4,F,NA,,EMOBON_BPNS_So_95
EMOBON-221212-BPNS-So3-Micro-R3,EMOBON metagenome sediment sample from station BPNS collected on 2022-12-12 community collected micro,412755,marine sediment metagenome,metagenome,sediment [ENVO:00002007],2022-12-12 00:00:00,BPNS_So_221212,Rune Lagaisse,0000-0001-9191-9140,flood_tide,micro,,3,NA,NA,24.61,Van Veen Grab,SoSOP3,NA,2022-12-14 15:56:00,MSO LifeWatch Lab -80 Freezer,-80,Rune Lagaisse,0000-0001-9191-9140,NA,NA,Y,NA,NA,NA,NA,NA,NA,,NA,NA,NA,EMOBON_BPNS_So_96
EMOBON-221212-BPNS-So3-Micro-R4,EMOBON metagenome sediment sample from station BPNS collected on 2022-12-12 community collected micro,412755,marine sediment metagenome,metagenome,sediment [ENVO:00002007],2022-12-12 00:00:00,BPNS_So_221212,Rune Lagaisse,0000-0001-9191-9140,flood_tide,micro,,4,NA,NA,24.61,Van Veen Grab,SoSOP3,NA,2022-12-14 15:56:00,MSO LifeWatch Lab -80 Freezer,-80,Rune Lagaisse,0000-0001-9191-9140,NA,NA,Y,NA,NA,NA,NA,NA,NA,,NA,NA,NA,EMOBON_BPNS_So_97
EMOBON-221212-BPNS-So3-Micro-B1,EMOBON metagenome sediment sample from station BPNS collected on 2022-12-12 community collected micro,256318,metagenome,metagenome,sediment [ENVO:00002007],2022-12-12 00:00:00,BPNS_So_221212,Rune Lagaisse,0000-0001-9191-9140,NA,micro,,blank_1,NA,NA,NA,NA,SoSOP3,NA,2022-12-14 15:56:00,MSO LifeWatch Lab -80 Freezer,-80,Rune Lagaisse,0000-0001-9191-9140,NA,NA,N,NA,NA,NA,NA,NA,NA,,NA,NA,NA,EMOBON_BPNS_So_98
EMOBON-221212-BPNS-So3-Micro-B2,EMOBON metagenome sediment sample from station BPNS collected on 2022-12-12 community collected micro,256318,metagenome,metagenome,sediment [ENVO:00002007],2022-12-12 00:00:00,BPNS_So_221212,Rune Lagaisse,0000-0001-9191-9140,NA,micro,,blank_2,NA,NA,NA,NA,SoSOP3,NA,2022-12-14 15:56:00,MSO LifeWatch Lab -80 Freezer,-80,Rune Lagaisse,0000-0001-9191-9140,NA,NA,N,NA,NA,NA,NA,NA,NA,,NA,NA,NA,EMOBON_BPNS_So_99
EMOBON-230216-BPNS-So3-Micro-R1,EMOBON metagenome sediment sample from station BPNS collected on 2023-02-16 community collected micro,412755,marine sediment metagenome,metagenome,sediment [ENVO:00002007],2023-02-16 00:00:00,BPNS_So_230216,Rune Lagaisse,0000-0001-9191-9140,ebb_tide,micro,,1,NA,NA,25.28,Van Veen Grab,SoSOP3,NA,2023-02-16 16:15:00,MSO LifeWatch Lab -80 Freezer,-80,Rune Lagaisse,0000-0001-9191-9140,NA,NA,N,NA,2023-06-13 00:00:00,2023-06-19 00:00:00,-70,2024-04-17 00:00:00,2024-04-18 00:00:00,batch_4,F,NA,,EMOBON_BPNS_So_100
EMOBON-230216-BPNS-So3-Micro-R2,EMOBON metagenome sediment sample from station BPNS collected on 2023-02-16 community collected micro,412755,marine sediment metagenome,metagenome,sediment [ENVO:00002007],2023-02-16 00:00:00,BPNS_So_230216,Rune Lagaisse,0000-0001-9191-9140,ebb_tide,micro,,2,NA,NA,25.28,Van Veen Grab,SoSOP3,NA,2023-02-16 16:15:00,MSO LifeWatch Lab -80 Freezer,-80,Rune Lagaisse,0000-0001-9191-9140,NA,NA,N,NA,2023-06-13 00:00:00,2023-06-19 00:00:00,-70,2024-04-17 00:00:00,2024-04-18 00:00:00,batch_4,F,NA,,EMOBON_BPNS_So_101
EMOBON-230216-BPNS-So3-Micro-R3,EMOBON metagenome sediment sample from station BPNS collected on 2023-02-16 community collected micro,412755,marine sediment metagenome,metagenome,sediment [ENVO:00002007],2023-02-16 00:00:00,BPNS_So_230216,Rune Lagaisse,0000-0001-9191-9140,ebb_tide,micro,,3,NA,NA,25.28,Van Veen Grab,SoSOP3,NA,2023-02-16 16:15:00,MSO LifeWatch Lab -80 Freezer,-80,Rune Lagaisse,0000-0001-9191-9140,NA,NA,Y,NA,NA,NA,NA,NA,NA,,NA,NA,NA,EMOBON_BPNS_So_102
EMOBON-230216-BPNS-So3-Micro-R4,EMOBON metagenome sediment sample from station BPNS collected on 2023-02-16 community collected micro,412755,marine sediment metagenome,metagenome,sediment [ENVO:00002007],2023-02-16 00:00:00,BPNS_So_230216,Rune Lagaisse,0000-0001-9191-9140,ebb_tide,micro,,4,NA,NA,25.28,Van Veen Grab,SoSOP3,NA,2023-02-16 16:15:00,MSO LifeWatch Lab -80 Freezer,-80,Rune Lagaisse,0000-0001-9191-9140,NA,NA,Y,NA,NA,NA,NA,NA,NA,,NA,NA,NA,EMOBON_BPNS_So_103
EMOBON-230216-BPNS-So3-Micro-B1,EMOBON metagenome sediment sample from station BPNS collected on 2023-02-16 community collected micro,256318,metagenome,metagenome,sediment [ENVO:00002007],2023-02-16 00:00:00,BPNS_So_230216,Rune Lagaisse,0000-0001-9191-9140,NA,micro,,blank_1,NA,NA,NA,NA,SoSOP3,NA,2023-02-16 16:15:00,MSO LifeWatch Lab -80 Freezer,-80,Rune Lagaisse,0000-0001-9191-9140,NA,NA,N,NA,NA,NA,NA,NA,NA,,NA,NA,NA,EMOBON_BPNS_So_104
EMOBON-230216-BPNS-So3-Micro-B2,EMOBON metagenome sediment sample from station BPNS collected on 2023-02-16 community collected micro,256318,metagenome,metagenome,sediment [ENVO:00002007],2023-02-16 00:00:00,BPNS_So_230216,Rune Lagaisse,0000-0001-9191-9140,NA,micro,,blank_2,NA,NA,NA,NA,SoSOP3,NA,2023-02-16 16:15:00,MSO LifeWatch Lab -80 Freezer,-80,Rune Lagaisse,0000-0001-9191-9140,NA,NA,N,NA,NA,NA,NA,NA,NA,,NA,NA,NA,EMOBON_BPNS_So_105
EMOBON-230425-BPNS-So3-Micro-R1,EMOBON metagenome sediment sample from station BPNS collected on 2023-04-25 community collected micro,412755,marine sediment metagenome,metagenome,sediment [ENVO:00002007],2023-04-25 00:00:00,BPNS_So_230425,Rune Lagaisse,0000-0001-9191-9140,ebb_tide,micro,,1,NA,NA,22.65,Van Veen Grab,SoSOP3,NA,2023-04-27 00:00:00,MSO LifeWatch Lab -80 Freezer,-80,Rune Lagaisse,0000-0001-9191-9140,NA,NA,N,NA,2023-06-13 00:00:00,2023-06-19 00:00:00,-70,2024-04-17 00:00:00,2024-04-18 00:00:00,batch_4,F,NA,,EMOBON_BPNS_So_106
EMOBON-230425-BPNS-So3-Micro-R2,EMOBON metagenome sediment sample from station BPNS collected on 2023-04-25 community collected micro,412755,marine sediment metagenome,metagenome,sediment [ENVO:00002007],2023-04-25 00:00:00,BPNS_So_230425,Rune Lagaisse,0000-0001-9191-9140,ebb_tide,micro,,2,NA,NA,22.65,Van Veen Grab,SoSOP3,NA,2023-04-27 00:00:00,MSO LifeWatch Lab -80 Freezer,-80,Rune Lagaisse,0000-0001-9191-9140,NA,NA,N,NA,2023-06-13 00:00:00,2023-06-19 00:00:00,-70,2024-04-17 00:00:00,2024-04-18 00:00:00,batch_4,F,NA,,EMOBON_BPNS_So_107
EMOBON-230425-BPNS-So3-Micro-R3,EMOBON metagenome sediment sample from station BPNS collected on 2023-04-25 community collected micro,412755,marine sediment metagenome,metagenome,sediment [ENVO:00002007],2023-04-25 00:00:00,BPNS_So_230425,Rune Lagaisse,0000-0001-9191-9140,ebb_tide,micro,,3,NA,NA,22.65,Van Veen Grab,SoSOP3,NA,2023-04-27 00:00:00,MSO LifeWatch Lab -80 Freezer,-80,Rune Lagaisse,0000-0001-9191-9140,NA,NA,Y,NA,NA,NA,NA,NA,NA,,NA,NA,NA,EMOBON_BPNS_So_108
EMOBON-230425-BPNS-So3-Micro-R4,EMOBON metagenome sediment sample from station BPNS collected on 2023-04-25 community collected micro,412755,marine sediment metagenome,metagenome,sediment [ENVO:00002007],2023-04-25 00:00:00,BPNS_So_230425,Rune Lagaisse,0000-0001-9191-9140,ebb_tide,micro,,4,NA,NA,22.65,Van Veen Grab,SoSOP3,NA,2023-04-27 00:00:00,MSO LifeWatch Lab -80 Freezer,-80,Rune Lagaisse,0000-0001-9191-9140,NA,NA,Y,NA,NA,NA,NA,NA,NA,,NA,NA,NA,EMOBON_BPNS_So_109
EMOBON-230425-BPNS-So3-Micro-B1,EMOBON metagenome sediment sample from station BPNS collected on 2023-04-25 community collected micro,256318,metagenome,metagenome,sediment [ENVO:00002007],2023-04-25 00:00:00,BPNS_So_230425,Rune Lagaisse,0000-0001-9191-9140,NA,micro,,blank_1,NA,NA,NA,NA,SoSOP3,NA,2023-04-27 00:00:00,MSO LifeWatch Lab -80 Freezer,-80,Rune Lagaisse,0000-0001-9191-9140,NA,NA,N,NA,NA,NA,NA,NA,NA,,NA,NA,NA,EMOBON_BPNS_So_110
EMOBON-230425-BPNS-So3-Micro-B2,EMOBON metagenome sediment sample from station BPNS collected on 2023-04-25 community collected micro,256318,metagenome,metagenome,sediment [ENVO:00002007],2023-04-25 00:00:00,BPNS_So_230425,Rune Lagaisse,0000-0001-9191-9140,NA,micro,,blank_2,NA,NA,NA,NA,SoSOP3,NA,2023-04-27 00:00:00,MSO LifeWatch Lab -80 Freezer,-80,Rune Lagaisse,0000-0001-9191-9140,NA,NA,N,NA,NA,NA,NA,NA,NA,,NA,NA,NA,EMOBON_BPNS_So_111
EMOBON-230425-BPNS-So3-Macro-R1,EMOBON mimarks-specimen sediment sample from station BPNS collected on 2023-04-25 community collected macro,33208,Metazoa ,mimarks-specimen,sediment [ENVO:00002007],2023-04-25 00:00:00,BPNS_So_230425,Lara Macheriotou,0000-0002-5662-5689,ebb_tide,macro,,1,NA,NA,22.65,Van Veen Grab,SoSOP3,NA,2023-04-27 00:00:00,MSO LifeWatch Lab -20 Freezer 3,-20,Rune Lagaisse,0000-0001-9191-9140,NA,NA,N,NA,2023-09-11 00:00:00,2023-09-14 00:00:00,4,,,batch_4,F,NA; only 18S v1-v2 was successful,,EMOBON_BPNS_So_112
EMOBON-230425-BPNS-So3-Macro-R2,EMOBON mimarks-specimen sediment sample from station BPNS collected on 2023-04-25 community collected macro,33208,Metazoa ,mimarks-specimen,sediment [ENVO:00002007],2023-04-25 00:00:00,BPNS_So_230425,Lara Macheriotou,0000-0002-5662-5689,ebb_tide,macro,,2,NA,NA,22.65,Van Veen Grab,SoSOP3,NA,2023-04-27 00:00:00,MSO LifeWatch Lab -20 Freezer 3,-20,Rune Lagaisse,0000-0001-9191-9140,NA,NA,N,NA,2023-09-11 00:00:00,2023-09-14 00:00:00,4,,,batch_4,F,NA; only 18S v1-v2 was successful,,EMOBON_BPNS_So_113
EMOBON-230425-BPNS-So3-Macro-R3,EMOBON mimarks-specimen sediment sample from station BPNS collected on 2023-04-25 community collected macro,33208,Metazoa ,mimarks-specimen,sediment [ENVO:00002007],2023-04-25 00:00:00,BPNS_So_230425,Lara Macheriotou,0000-0002-5662-5689,ebb_tide,macro,,3,NA,NA,22.65,Van Veen Grab,SoSOP3,NA,2023-04-27 00:00:00,MSO LifeWatch Lab -20 Freezer 3,-20,Rune Lagaisse,0000-0001-9191-9140,NA,NA,Y,NA,NA,NA,NA,NA,NA,,NA,NA,NA,EMOBON_BPNS_So_114
EMOBON-230425-BPNS-So3-Macro-R4,EMOBON mimarks-specimen sediment sample from station BPNS collected on 2023-04-25 community collected macro,33208,Metazoa ,mimarks-specimen,sediment [ENVO:00002007],2023-04-25 00:00:00,BPNS_So_230425,Lara Macheriotou,0000-0002-5662-5689,ebb_tide,macro,,4,NA,NA,22.65,Van Veen Grab,SoSOP3,NA,2023-04-27 00:00:00,MSO LifeWatch Lab -20 Freezer 3,-20,Rune Lagaisse,0000-0001-9191-9140,NA,NA,Y,NA,NA,NA,NA,NA,NA,,NA,NA,NA,EMOBON_BPNS_So_115
EMOBON-230425-BPNS-So3-Macro-B,EMOBON mimarks-specimen sediment sample from station BPNS collected on 2023-04-25 community collected macro,256318,metagenome,mimarks-specimen,sediment [ENVO:00002007],2023-04-25 00:00:00,BPNS_So_230425,Lara Macheriotou,0000-0002-5662-5689,NA,macro,,blank_1,NA,NA,NA,NA,SoSOP4,NA,2023-04-27 00:00:00,MSO LifeWatch Lab -20 Freezer 3,-20,Rune Lagaisse,0000-0001-9191-9140,NA,NA,N,NA,NA,NA,NA,NA,NA,,NA,NA,NA,EMOBON_BPNS_So_116
EMOBON-230425-BPNS-So3-Meio-R1,EMOBON mimarks-specimen sediment sample from station BPNS collected on 2023-04-25 community collected meio,33208,Metazoa ,mimarks-specimen,sediment [ENVO:00002007],2023-04-25 00:00:00,BPNS_So_230425,Lara Macheriotou,0000-0002-5662-5689,ebb_tide,meio,,1,32,NA,22.65,Van Veen Grab,SoSOP3,NA,2023-04-25 00:00:00,"UGent MarBiol Freezer #4, Box#61",-20,Lara Macheriotou,0000-0002-5662-5689,NA,NA,N,354,2023-10-03 00:00:00,2023-10-09 00:00:00,4,,,batch_5,F,NA,,EMOBON_BPNS_So_117
EMOBON-230425-BPNS-So3-Meio-R2,EMOBON mimarks-specimen sediment sample from station BPNS collected on 2023-04-25 community collected meio,33208,Metazoa ,mimarks-specimen,sediment [ENVO:00002007],2023-04-25 00:00:00,BPNS_So_230425,Lara Macheriotou,0000-0002-5662-5689,ebb_tide,meio,,2,32,NA,22.65,Van Veen Grab,SoSOP3,NA,2023-04-25 00:00:00,"UGent MarBiol Freezer #4, Box#61",-20,Lara Macheriotou,0000-0002-5662-5689,NA,NA,N,322,2023-10-03 00:00:00,2023-10-09 00:00:00,4,,,batch_5,F,NA,,EMOBON_BPNS_So_118
EMOBON-230425-BPNS-So3-Meio-R3,EMOBON mimarks-specimen sediment sample from station BPNS collected on 2023-04-25 community collected meio,33208,Metazoa ,mimarks-specimen,sediment [ENVO:00002007],2023-04-25 00:00:00,BPNS_So_230425,Lara Macheriotou,0000-0002-5662-5689,ebb_tide,meio,,3,32,NA,22.65,Van Veen Grab,SoSOP3,NA,2023-04-25 00:00:00,"UGent MarBiol Freezer #4, Box#61",-20,Lara Macheriotou,0000-0002-5662-5689,NA,NA,Y,294,NA,NA,NA,NA,NA,,NA,NA,NA,EMOBON_BPNS_So_119
EMOBON-230425-BPNS-So3-Meio-R4,EMOBON mimarks-specimen sediment sample from station BPNS collected on 2023-04-25 community collected meio,33208,Metazoa ,mimarks-specimen,sediment [ENVO:00002007],2023-04-25 00:00:00,BPNS_So_230425,Lara Macheriotou,0000-0002-5662-5689,ebb_tide,meio,,4,32,NA,22.65,Van Veen Grab,SoSOP3,NA,2023-04-25 00:00:00,"UGent MarBiol Freezer #4, Box#61",-20,Lara Macheriotou,0000-0002-5662-5689,NA,NA,Y,319,NA,NA,NA,NA,NA,,NA,NA,NA,EMOBON_BPNS_So_120
EMOBON-230425-BPNS-So3-Meio-B,EMOBON mimarks-specimen sediment sample from station BPNS collected on 2023-04-25 community collected meio,256318,metagenome,mimarks-specimen,sediment [ENVO:00002007],2023-04-25 00:00:00,BPNS_So_230425,Lara Macheriotou,0000-0002-5662-5689,NA,meio,,blank_1,NA,NA,NA,Van Veen Grab,SoSOP3,NA,2023-04-25 00:00:00,"UGent MarBiol Freezer #4, Box#61",-20,Lara Macheriotou,0000-0002-5662-5689,NA,NA,N,NA,NA,NA,NA,NA,NA,,NA,NA,NA,EMOBON_BPNS_So_121
EMOBON-230621-BPNS-So3-Micro-R1,EMOBON metagenome sediment sample from station BPNS collected on 2023-06-21 community collected micro,412755,marine sediment metagenome,metagenome,sediment [ENVO:00002007],2023-06-21 00:00:00,BPNS_So_230621,Rune Lagaisse,0000-0001-9191-9140,low_tide,micro,,1,NA,NA,22.8,Van Veen Grab,SoSOP3,NA,2023-06-22 00:00:00,MSO LifeWatch Lab -80 Freezer,-80,Rune Lagaisse,0000-0001-9191-9140,NA,NA,N,NA,2023-09-11 00:00:00,2023-09-14 00:00:00,-70,2024-04-17 00:00:00,2024-04-18 00:00:00,batch_4,F,NA,,EMOBON_BPNS_So_122
EMOBON-230621-BPNS-So3-Micro-R2,EMOBON metagenome sediment sample from station BPNS collected on 2023-06-21 community collected micro,412755,marine sediment metagenome,metagenome,sediment [ENVO:00002007],2023-06-21 00:00:00,BPNS_So_230621,Rune Lagaisse,0000-0001-9191-9140,low_tide,micro,,2,NA,NA,22.8,Van Veen Grab,SoSOP3,NA,2023-06-22 00:00:00,MSO LifeWatch Lab -80 Freezer,-80,Rune Lagaisse,0000-0001-9191-9140,NA,NA,N,NA,2023-09-11 00:00:00,2023-09-14 00:00:00,-70,2024-04-17 00:00:00,2024-04-18 00:00:00,batch_4,F,NA,,EMOBON_BPNS_So_123
EMOBON-230621-BPNS-So3-Micro-R3,EMOBON metagenome sediment sample from station BPNS collected on 2023-06-21 community collected micro,412755,marine sediment metagenome,metagenome,sediment [ENVO:00002007],2023-06-21 00:00:00,BPNS_So_230621,Rune Lagaisse,0000-0001-9191-9140,low_tide,micro,,3,NA,NA,22.8,Van Veen Grab,SoSOP3,NA,2023-06-22 00:00:00,MSO LifeWatch Lab -80 Freezer,-80,Rune Lagaisse,0000-0001-9191-9140,NA,NA,Y,NA,NA,NA,NA,NA,NA,,NA,NA,NA,EMOBON_BPNS_So_124
EMOBON-230621-BPNS-So3-Micro-R4,EMOBON metagenome sediment sample from station BPNS collected on 2023-06-21 community collected micro,412755,marine sediment metagenome,metagenome,sediment [ENVO:00002007],2023-06-21 00:00:00,BPNS_So_230621,Rune Lagaisse,0000-0001-9191-9140,low_tide,micro,,4,NA,NA,22.8,Van Veen Grab,SoSOP3,NA,2023-06-22 00:00:00,MSO LifeWatch Lab -80 Freezer,-80,Rune Lagaisse,0000-0001-9191-9140,NA,NA,Y,NA,NA,NA,NA,NA,NA,,NA,NA,NA,EMOBON_BPNS_So_125
EMOBON-230621-BPNS-So3-Micro-B1,EMOBON metagenome sediment sample from station BPNS collected on 2023-06-21 community collected micro,256318,metagenome,metagenome,sediment [ENVO:00002007],2023-06-21 00:00:00,BPNS_So_230621,Rune Lagaisse,0000-0001-9191-9140,NA,micro,,blank_1,NA,NA,NA,NA,SoSOP3,NA,2023-06-22 00:00:00,MSO LifeWatch Lab -80 Freezer,-80,Rune Lagaisse,0000-0001-9191-9140,NA,NA,N,NA,NA,NA,NA,NA,NA,,NA,NA,NA,EMOBON_BPNS_So_126
EMOBON-230621-BPNS-So3-Micro-B2,EMOBON metagenome sediment sample from station BPNS collected on 2023-06-21 community collected micro,256318,metagenome,metagenome,sediment [ENVO:00002007],2023-06-21 00:00:00,BPNS_So_230621,Rune Lagaisse,0000-0001-9191-9140,NA,micro,,blank_2,NA,NA,NA,NA,SoSOP3,NA,2023-06-22 00:00:00,MSO LifeWatch Lab -80 Freezer,-80,Rune Lagaisse,0000-0001-9191-9140,NA,NA,N,NA,NA,NA,NA,NA,NA,,NA,NA,NA,EMOBON_BPNS_So_127
EMOBON-230621-BPNS-So3-Meio-R1,EMOBON mimarks-specimen sediment sample from station BPNS collected on 2023-06-21 community collected meio,33208,Metazoa ,mimarks-specimen,sediment [ENVO:00002007],2023-06-21 00:00:00,BPNS_So_230621,Annelien Rigaux,NA,low_tide,meio,,1,32,NA,22.8,Van Veen Grab,SoSOP3,NA,2023-06-21 00:00:00,"UGent MarBiol Freezer #4, Box#61",-20,Lara Macheriotou,0000-0002-5662-5689,NA,NA,N,354,2023-10-03 00:00:00,2023-10-09 00:00:00,4,,,batch_5,F,NA,,EMOBON_BPNS_So_128
EMOBON-230621-BPNS-So3-Meio-R2,EMOBON mimarks-specimen sediment sample from station BPNS collected on 2023-06-21 community collected meio,33208,Metazoa ,mimarks-specimen,sediment [ENVO:00002007],2023-06-21 00:00:00,BPNS_So_230621,Annelien Rigaux,NA,low_tide,meio,,2,32,NA,22.8,Van Veen Grab,SoSOP3,NA,2023-06-21 00:00:00,"UGent MarBiol Freezer #4, Box#61",-20,Lara Macheriotou,0000-0002-5662-5689,NA,NA,N,322,2023-10-03 00:00:00,2023-10-09 00:00:00,4,,,batch_5,F,NA,,EMOBON_BPNS_So_129
EMOBON-230621-BPNS-So3-Meio-R3,EMOBON mimarks-specimen sediment sample from station BPNS collected on 2023-06-21 community collected meio,33208,Metazoa ,mimarks-specimen,sediment [ENVO:00002007],2023-06-21 00:00:00,BPNS_So_230621,Annelien Rigaux,NA,low_tide,meio,,3,32,NA,22.8,Van Veen Grab,SoSOP3,NA,2023-06-21 00:00:00,"UGent MarBiol Freezer #4, Box#61",-20,Lara Macheriotou,0000-0002-5662-5689,NA,NA,Y,276,NA,NA,NA,NA,NA,,NA,NA,NA,EMOBON_BPNS_So_130
EMOBON-230621-BPNS-So3-Meio-R4,EMOBON mimarks-specimen sediment sample from station BPNS collected on 2023-06-21 community collected meio,33208,Metazoa ,mimarks-specimen,sediment [ENVO:00002007],2023-06-21 00:00:00,BPNS_So_230621,Annelien Rigaux,NA,low_tide,meio,,4,32,NA,22.8,Van Veen Grab,SoSOP3,NA,2023-06-21 00:00:00,"UGent MarBiol Freezer #4, Box#61",-20,Lara Macheriotou,0000-0002-5662-5689,NA,NA,Y,252,NA,NA,NA,NA,NA,,NA,NA,NA,EMOBON_BPNS_So_131
EMOBON-230621-BPNS-So3-Meio-B,EMOBON mimarks-specimen sediment sample from station BPNS collected on 2023-06-21 community collected meio,256318,metagenome,mimarks-specimen,sediment [ENVO:00002007],2023-06-21 00:00:00,BPNS_So_230621,Annelien Rigaux,NA,NA,meio,,blank_1,NA,NA,NA,Van Veen Grab,SoSOP3,NA,2023-06-21 00:00:00,"UGent MarBiol Freezer #4, Box#61",-20,Lara Macheriotou,0000-0002-5662-5689,NA,NA,N,NA,NA,NA,NA,NA,NA,,NA,NA,NA,EMOBON_BPNS_So_132
EMOBON-230817-BPNS-So3-Micro-R1,EMOBON metagenome sediment sample from station BPNS collected on 2023-08-17 community collected micro,412755,marine sediment metagenome,metagenome,sediment [ENVO:00002007],2023-08-17 00:00:00,BPNS_So_230817,Rune Lagaisse,0000-0001-9191-9140,flood_tide,micro,,1,NA,NA,21.89,Van Veen Grab,SoSOP3,NA,2023-08-18 00:00:00,MSO LifeWatch Lab -80 Freezer,-80,Rune Lagaisse,0000-0001-9191-9140,NA,NA,N,NA,2023-09-11 00:00:00,2023-09-14 00:00:00,-70,2024-04-17 00:00:00,2024-04-18 00:00:00,batch_4,F,NA,,EMOBON_BPNS_So_133
EMOBON-230817-BPNS-So3-Micro-R2,EMOBON metagenome sediment sample from station BPNS collected on 2023-08-17 community collected micro,412755,marine sediment metagenome,metagenome,sediment [ENVO:00002007],2023-08-17 00:00:00,BPNS_So_230817,Rune Lagaisse,0000-0001-9191-9140,flood_tide,micro,,2,NA,NA,21.89,Van Veen Grab,SoSOP3,NA,2023-08-18 00:00:00,MSO LifeWatch Lab -80 Freezer,-80,Rune Lagaisse,0000-0001-9191-9140,NA,NA,N,NA,2023-09-11 00:00:00,2023-09-14 00:00:00,-70,2024-04-17 00:00:00,2024-04-18 00:00:00,batch_4,F,NA,,EMOBON_BPNS_So_134
EMOBON-230817-BPNS-So3-Micro-R3,EMOBON metagenome sediment sample from station BPNS collected on 2023-08-17 community collected micro,412755,marine sediment metagenome,metagenome,sediment [ENVO:00002007],2023-08-17 00:00:00,BPNS_So_230817,Rune Lagaisse,0000-0001-9191-9140,flood_tide,micro,,3,NA,NA,21.89,Van Veen Grab,SoSOP3,NA,2023-08-18 00:00:00,MSO LifeWatch Lab -80 Freezer,-80,Rune Lagaisse,0000-0001-9191-9140,NA,NA,Y,NA,NA,NA,NA,NA,NA,,NA,NA,NA,EMOBON_BPNS_So_135
EMOBON-230817-BPNS-So3-Micro-R4,EMOBON metagenome sediment sample from station BPNS collected on 2023-08-17 community collected micro,412755,marine sediment metagenome,metagenome,sediment [ENVO:00002007],2023-08-17 00:00:00,BPNS_So_230817,Rune Lagaisse,0000-0001-9191-9140,flood_tide,micro,,4,NA,NA,21.89,Van Veen Grab,SoSOP3,NA,2023-08-18 00:00:00,MSO LifeWatch Lab -80 Freezer,-80,Rune Lagaisse,0000-0001-9191-9140,NA,NA,Y,NA,NA,NA,NA,NA,NA,,NA,NA,NA,EMOBON_BPNS_So_136
EMOBON-230817-BPNS-So3-Micro-B1,EMOBON metagenome sediment sample from station BPNS collected on 2023-08-17 community collected micro,256318,metagenome,metagenome,sediment [ENVO:00002007],2023-08-17 00:00:00,BPNS_So_230817,Rune Lagaisse,0000-0001-9191-9140,NA,micro,,blank_1,NA,NA,NA,NA,SoSOP3,NA,2023-08-18 00:00:00,MSO LifeWatch Lab -80 Freezer,-80,Rune Lagaisse,0000-0001-9191-9140,NA,NA,N,NA,NA,NA,NA,NA,NA,,NA,NA,NA,EMOBON_BPNS_So_137
EMOBON-230817-BPNS-So3-Micro-B2,EMOBON metagenome sediment sample from station BPNS collected on 2023-08-17 community collected micro,256318,metagenome,metagenome,sediment [ENVO:00002007],2023-08-17 00:00:00,BPNS_So_230817,Rune Lagaisse,0000-0001-9191-9140,NA,micro,,blank_2,NA,NA,NA,NA,SoSOP3,NA,2023-08-18 00:00:00,MSO LifeWatch Lab -80 Freezer,-80,Rune Lagaisse,0000-0001-9191-9140,NA,NA,N,NA,NA,NA,NA,NA,NA,,NA,NA,NA,EMOBON_BPNS_So_138
EMOBON-240304-BPNS-So3-Micro-R1,EMOBON metagenome sediment sample from station BPNS collected on 2024-03-04 community collected micro,412755,marine sediment metagenome,metagenome,sediment [ENVO:00002007],2024-03-04 00:00:00,BPNS_So_240304,Rune Lagaisse,0000-0001-9191-9140,ebb_tide,micro,,1,NA,NA,24.73,Van Veen Grab,SoSOP3,NA,2024-03-04 00:00:00,OIS spoellokaal -80 Freezer,-80,Rune Lagaisse,0000-0001-9191-9140,Hanneloor Heynderickx,0000-0002-5611-837X,N,NA,2025-01-27 00:00:00,2025-02-03 00:00:00,-20,,,batch_6,,,,EMOBON_BPNS_So_139
EMOBON-240304-BPNS-So3-Micro-R2,EMOBON metagenome sediment sample from station BPNS collected on 2024-03-04 community collected micro,412755,marine sediment metagenome,metagenome,sediment [ENVO:00002007],2024-03-04 00:00:00,BPNS_So_240304,Rune Lagaisse,0000-0001-9191-9140,ebb_tide,micro,,2,NA,NA,24.73,Van Veen Grab,SoSOP3,NA,2024-03-04 00:00:00,OIS spoellokaal -80 Freezer,-80,Rune Lagaisse,0000-0001-9191-9140,Hanneloor Heynderickx,0000-0002-5611-837X,N,NA,2025-01-27 00:00:00,2025-02-03 00:00:00,-20,,,,,not sequenced due to low budget; returned to BPNS on 24/11/2025,,EMOBON_BPNS_So_140
EMOBON-240304-BPNS-So3-Micro-R3,EMOBON metagenome sediment sample from station BPNS collected on 2024-03-04 community collected micro,412755,marine sediment metagenome,metagenome,sediment [ENVO:00002007],2024-03-04 00:00:00,BPNS_So_240304,Rune Lagaisse,0000-0001-9191-9140,ebb_tide,micro,,3,NA,NA,24.73,Van Veen Grab,SoSOP3,NA,2024-03-04 00:00:00,OIS spoellokaal -80 Freezer,-80,Rune Lagaisse,0000-0001-9191-9140,Hanneloor Heynderickx,0000-0002-5611-837X,Y,NA,NA,NA,NA,NA,NA,,NA,NA,NA,EMOBON_BPNS_So_141
EMOBON-240304-BPNS-So3-Micro-R4,EMOBON metagenome sediment sample from station BPNS collected on 2024-03-04 community collected micro,412755,marine sediment metagenome,metagenome,sediment [ENVO:00002007],2024-03-04 00:00:00,BPNS_So_240304,Rune Lagaisse,0000-0001-9191-9140,ebb_tide,micro,,4,NA,NA,24.73,Van Veen Grab,SoSOP3,NA,2024-03-04 00:00:00,OIS spoellokaal -80 Freezer,-80,Rune Lagaisse,0000-0001-9191-9140,Hanneloor Heynderickx,0000-0002-5611-837X,Y,NA,NA,NA,NA,NA,NA,,NA,NA,NA,EMOBON_BPNS_So_142
EMOBON-240304-BPNS-So3-Micro-B1,EMOBON metagenome sediment sample from station BPNS collected on 2024-03-04 community collected micro,256318,metagenome,metagenome,sediment [ENVO:00002007],2024-03-04 00:00:00,BPNS_So_240304,Rune Lagaisse,0000-0001-9191-9140,NA,micro,,blank_1,NA,NA,NA,NA,SoSOP3,NA,2024-03-04 00:00:00,OIS spoellokaal -80 Freezer,-80,Rune Lagaisse,0000-0001-9191-9140,Hanneloor Heynderickx,0000-0002-5611-837X,N,NA,NA,NA,NA,NA,NA,,NA,NA,NA,EMOBON_BPNS_So_143
EMOBON-240304-BPNS-So3-Micro-B2,EMOBON metagenome sediment sample from station BPNS collected on 2024-03-04 community collected micro,256318,metagenome,metagenome,sediment [ENVO:00002007],2024-03-04 00:00:00,BPNS_So_240304,Rune Lagaisse,0000-0001-9191-9140,NA,micro,,blank_2,NA,NA,NA,NA,SoSOP3,NA,2024-03-04 00:00:00,OIS spoellokaal -80 Freezer,-80,Rune Lagaisse,0000-0001-9191-9140,Hanneloor Heynderickx,0000-0002-5611-837X,N,NA,NA,NA,NA,NA,NA,,NA,NA,NA,EMOBON_BPNS_So_144
EMOBON 240423 BPNS So3 Micro R1,EMOBON metagenome sediment sample from station BPNS collected on 2024-04-23 community collected micro,412755,marine sediment metagenome,metagenome,sediment [ENVO:00002007],2024-04-23 00:00:00,BPNS_So_240423,Rune Lagaisse,0000-0001-9191-9140,flood_tide,micro,,1,NA,NA,25.21,Van Veen Grab,SoSOP3,NA,2024-04-23 00:00:00,OIS spoellokaal -80 Freezer,-80,Rune Lagaisse,0000-0001-9191-9140,Hanneloor Heynderickx,0000-0002-5611-837X,N,NA,2025-01-27 00:00:00,2025-02-03 00:00:00,-20,,,batch_6,,,,EMOBON_BPNS_So_145
EMOBON 240423 BPNS So3 Micro R2,EMOBON metagenome sediment sample from station BPNS collected on 2024-04-23 community collected micro,412755,marine sediment metagenome,metagenome,sediment [ENVO:00002007],2024-04-23 00:00:00,BPNS_So_240423,Rune Lagaisse,0000-0001-9191-9140,flood_tide,micro,,2,NA,NA,25.21,Van Veen Grab,SoSOP3,NA,2024-04-23 00:00:00,OIS spoellokaal -80 Freezer,-80,Rune Lagaisse,0000-0001-9191-9140,Hanneloor Heynderickx,0000-0002-5611-837X,N,NA,2025-01-27 00:00:00,2025-02-03 00:00:00,-20,,,,,not sequenced due to low budget; returned to BPNS on 24/11/2025,,EMOBON_BPNS_So_146
EMOBON 240423 BPNS So3 Micro R3,EMOBON metagenome sediment sample from station BPNS collected on 2024-04-23 community collected micro,412755,marine sediment metagenome,metagenome,sediment [ENVO:00002007],2024-04-23 00:00:00,BPNS_So_240423,Rune Lagaisse,0000-0001-9191-9140,flood_tide,micro,,3,NA,NA,25.21,Van Veen Grab,SoSOP3,NA,2024-04-23 00:00:00,OIS spoellokaal -80 Freezer,-80,Rune Lagaisse,0000-0001-9191-9140,Hanneloor Heynderickx,0000-0002-5611-837X,Y,NA,NA,NA,NA,NA,NA,,NA,NA,NA,EMOBON_BPNS_So_147
EMOBON 240423 BPNS So3 Micro R4,EMOBON metagenome sediment sample from station BPNS collected on 2024-04-23 community collected micro,412755,marine sediment metagenome,metagenome,sediment [ENVO:00002007],2024-04-23 00:00:00,BPNS_So_240423,Rune Lagaisse,0000-0001-9191-9140,flood_tide,micro,,4,NA,NA,25.21,Van Veen Grab,SoSOP3,NA,2024-04-23 00:00:00,OIS spoellokaal -80 Freezer,-80,Rune Lagaisse,0000-0001-9191-9140,Hanneloor Heynderickx,0000-0002-5611-837X,Y,NA,NA,NA,NA,NA,NA,,NA,NA,NA,EMOBON_BPNS_So_148
EMOBON 240423 BPNS So3 Micro B1,EMOBON metagenome sediment sample from station BPNS collected on 2024-04-23 community collected micro,256318,metagenome,metagenome,sediment [ENVO:00002007],2024-04-23 00:00:00,BPNS_So_240423,Rune Lagaisse,0000-0001-9191-9140,NA,micro,,blank_1,NA,NA,NA,NA,SoSOP3,NA,2024-04-23 00:00:00,OIS spoellokaal -80 Freezer,-80,Rune Lagaisse,0000-0001-9191-9140,Hanneloor Heynderickx,0000-0002-5611-837X,N,NA,NA,NA,NA,NA,NA,,NA,NA,NA,EMOBON_BPNS_So_149
EMOBON 240423 BPNS So3 Micro B2,EMOBON metagenome sediment sample from station BPNS collected on 2024-04-23 community collected micro,256318,metagenome,metagenome,sediment [ENVO:00002007],2024-04-23 00:00:00,BPNS_So_240423,Rune Lagaisse,0000-0001-9191-9140,NA,micro,,blank_2,NA,NA,NA,NA,SoSOP3,NA,2024-04-23 00:00:00,OIS spoellokaal -80 Freezer,-80,Rune Lagaisse,0000-0001-9191-9140,Hanneloor Heynderickx,0000-0002-5611-837X,N,NA,NA,NA,NA,NA,NA,,NA,NA,NA,EMOBON_BPNS_So_150
EMOBON 240423 BPNS So3 Macro R1,EMOBON mimarks-specimen sediment sample from station BPNS collected on 2024-04-23 community collected macro,33208,Metazoa ,mimarks-specimen,sediment [ENVO:00002007],2024-04-23 00:00:00,BPNS_So_240423,Rune Lagaisse,0000-0001-9191-9140 ,flood_tide,macro,,1,NA,NA,25.21,Van Veen Grab,SoSOP3,NA,2024-04-23 00:00:00,OIS -20 Freezer room,-20,Rune Lagaisse,0000-0001-9191-9140,Hanneloor Heynderickx,0000-0002-5611-837X,N,NA,2025-01-27 00:00:00,2025-02-03 00:00:00,-20,,,batch_6,,,,EMOBON_BPNS_So_151
EMOBON 240423 BPNS So3 Macro R2,EMOBON mimarks-specimen sediment sample from station BPNS collected on 2024-04-23 community collected macro,33208,Metazoa ,mimarks-specimen,sediment [ENVO:00002007],2024-04-23 00:00:00,BPNS_So_240423,Rune Lagaisse,0000-0001-9191-9140 ,flood_tide,macro,,2,NA,NA,25.21,Van Veen Grab,SoSOP3,NA,2024-04-23 00:00:00,OIS -20 Freezer room,-20,Rune Lagaisse,0000-0001-9191-9140,Hanneloor Heynderickx,0000-0002-5611-837X,N,NA,2025-01-27 00:00:00,2025-02-03 00:00:00,-20,,,,,not sequenced due to low budget; returned to BPNS on 24/11/2025,,EMOBON_BPNS_So_152
EMOBON 240423 BPNS So3 Macro R3,EMOBON mimarks-specimen sediment sample from station BPNS collected on 2024-04-23 community collected macro,33208,Metazoa ,mimarks-specimen,sediment [ENVO:00002007],2024-04-23 00:00:00,BPNS_So_240423,Rune Lagaisse,0000-0001-9191-9140 ,flood_tide,macro,,3,NA,NA,25.21,Van Veen Grab,SoSOP3,NA,2024-04-23 00:00:00,OIS -20 Freezer room,-20,Rune Lagaisse,0000-0001-9191-9140,Hanneloor Heynderickx,0000-0002-5611-837X,Y,NA,NA,NA,NA,NA,NA,,NA,NA,NA,EMOBON_BPNS_So_153
EMOBON 240423 BPNS So3 Macro R4,EMOBON mimarks-specimen sediment sample from station BPNS collected on 2024-04-23 community collected macro,33208,Metazoa ,mimarks-specimen,sediment [ENVO:00002007],2024-04-23 00:00:00,BPNS_So_240423,Rune Lagaisse,0000-0001-9191-9140 ,flood_tide,macro,,4,NA,NA,25.21,Van Veen Grab,SoSOP3,NA,2024-04-23 00:00:00,OIS -20 Freezer room,-20,Rune Lagaisse,0000-0001-9191-9140,Hanneloor Heynderickx,0000-0002-5611-837X,Y,NA,NA,NA,NA,NA,NA,,NA,NA,NA,EMOBON_BPNS_So_154
EMOBON 240423 BPNS So3 Macro B,EMOBON mimarks-specimen sediment sample from station BPNS collected on 2024-04-23 community collected macro,256318,metagenome,mimarks-specimen,sediment [ENVO:00002007],2024-04-23 00:00:00,BPNS_So_240423,Rune Lagaisse,0000-0001-9191-9140 ,NA,macro,,blank_1,NA,NA,NA,NA,SoSOP4,NA,2024-04-23 00:00:00,OIS -20 Freezer room,-20,Rune Lagaisse,0000-0001-9191-9140,Hanneloor Heynderickx,0000-0002-5611-837X,N,NA,2025-01-27 00:00:00,2025-02-03 00:00:00,-20,,,batch_6,,,,EMOBON_BPNS_So_155
EMOBON 240423 BPNS So3 Meio R1,EMOBON mimarks-specimen sediment sample from station BPNS collected on 2024-04-23 community collected meio,33208,Metazoa ,mimarks-specimen,sediment [ENVO:00002007],2024-04-23 00:00:00,BPNS_So_240423,Lara Macheriotou,0000-0002-5662-5689,Expected 2024-12-31,meio,,1,32,NA,25.21,Van Veen Grab,SoSOP3,NA,2024-04-23 00:00:00,"UGent MarBiol Freezer #4, Box#61",-20,Lara Macheriotou,0000-0002-5662-5689,NA,NA,N,362.4,2025-02-10 00:00:00,2025-02-20 00:00:00,-20,,,batch_6,,,,EMOBON_BPNS_So_156
EMOBON 240423 BPNS So3 Meio R2,EMOBON mimarks-specimen sediment sample from station BPNS collected on 2024-04-23 community collected meio,33208,Metazoa ,mimarks-specimen,sediment [ENVO:00002007],2024-04-23 00:00:00,BPNS_So_240423,Lara Macheriotou,0000-0002-5662-5689,flood_tide,meio,,2,32,NA,25.21,Van Veen Grab,SoSOP3,NA,2024-04-23 00:00:00,"UGent MarBiol Freezer #4, Box#61",-20,Lara Macheriotou,0000-0002-5662-5689,NA,NA,N,352,2025-02-10 00:00:00,2025-02-20 00:00:00,-20,,,,,,,EMOBON_BPNS_So_157
EMOBON 240423 BPNS So3 Meio R3,EMOBON mimarks-specimen sediment sample from station BPNS collected on 2024-04-23 community collected meio,33208,Metazoa ,mimarks-specimen,sediment [ENVO:00002007],2024-04-23 00:00:00,BPNS_So_240423,Lara Macheriotou,0000-0002-5662-5689,flood_tide,meio,,3,32,NA,25.21,Van Veen Grab,SoSOP3,NA,2024-04-23 00:00:00,"UGent MarBiol Freezer #4, Box#61",-20,Lara Macheriotou,0000-0002-5662-5689,NA,NA,Y,392,NA,NA,NA,NA,NA,,NA,NA,NA,EMOBON_BPNS_So_158
EMOBON 240423 BPNS So3 Meio R4,EMOBON mimarks-specimen sediment sample from station BPNS collected on 2024-04-23 community collected meio,33208,Metazoa ,mimarks-specimen,sediment [ENVO:00002007],2024-04-23 00:00:00,BPNS_So_240423,Lara Macheriotou,0000-0002-5662-5689,flood_tide,meio,,4,32,NA,25.21,Van Veen Grab,SoSOP3,NA,2024-04-23 00:00:00,"UGent MarBiol Freezer #4, Box#61",-20,Lara Macheriotou,0000-0002-5662-5689,NA,NA,Y,386.4,NA,NA,NA,NA,NA,,NA,NA,NA,EMOBON_BPNS_So_159
EMOBON 240423 BPNS So3 Meio B,EMOBON mimarks-specimen sediment sample from station BPNS collected on 2024-04-23 community collected meio,256318,metagenome,mimarks-specimen,sediment [ENVO:00002007],2024-04-23 00:00:00,BPNS_So_240423,Lara Macheriotou,0000-0002-5662-5689,NA,meio,,blank_1,NA,NA,NA,Van Veen Grab,SoSOP3,NA,2024-04-23 00:00:00,"UGent MarBiol Freezer #4, Box#61",-20,Lara Macheriotou,0000-0002-5662-5689,NA,NA,N,NA,NA,NA,NA,NA,NA,,NA,NA,NA,EMOBON_BPNS_So_160
EMOBON 240614 BPNS So3 Micro R1,EMOBON metagenome sediment sample from station BPNS collected on 2024-06-14 community collected micro,412755,marine sediment metagenome,metagenome,sediment [ENVO:00002007],2024-06-14 00:00:00,BPNS_So_240614,Carlota Muñiz,0000-0001-9584-3833,ebb_tide,micro,,1,NA,NA,23.96,Van Veen Grab,SoSOP3,NA,2024-06-14 00:00:00,OIS spoellokaal -80 Freezer,-80,Rune Lagaisse,0000-0001-9191-9140,Hanneloor Heynderickx,0000-0002-5611-837X,N,NA,2025-01-27 00:00:00,2025-02-03 00:00:00,-20,,,batch_6,,,,EMOBON_BPNS_So_161
EMOBON 240614 BPNS So3 Micro R2,EMOBON metagenome sediment sample from station BPNS collected on 2024-06-14 community collected micro,412755,marine sediment metagenome,metagenome,sediment [ENVO:00002007],2024-06-14 00:00:00,BPNS_So_240614,Carlota Muñiz,0000-0001-9584-3833,ebb_tide,micro,,2,NA,NA,23.96,Van Veen Grab,SoSOP3,NA,2024-06-14 00:00:00,OIS spoellokaal -80 Freezer,-80,Rune Lagaisse,0000-0001-9191-9140,Hanneloor Heynderickx,0000-0002-5611-837X,N,NA,2025-01-27 00:00:00,2025-02-03 00:00:00,-20,,,,,not sequenced due to low budget; returned to BPNS on 24/11/2025,,EMOBON_BPNS_So_162
EMOBON 240614 BPNS So3 Micro R3,EMOBON metagenome sediment sample from station BPNS collected on 2024-06-14 community collected micro,412755,marine sediment metagenome,metagenome,sediment [ENVO:00002007],2024-06-14 00:00:00,BPNS_So_240614,Carlota Muñiz,0000-0001-9584-3833,ebb_tide,micro,,3,NA,NA,23.96,Van Veen Grab,SoSOP3,NA,2024-06-14 00:00:00,OIS spoellokaal -80 Freezer,-80,Rune Lagaisse,0000-0001-9191-9140,Hanneloor Heynderickx,0000-0002-5611-837X,Y,NA,NA,NA,NA,NA,NA,,NA,NA,NA,EMOBON_BPNS_So_163
EMOBON 240614 BPNS So3 Micro R4,EMOBON metagenome sediment sample from station BPNS collected on 2024-06-14 community collected micro,412755,marine sediment metagenome,metagenome,sediment [ENVO:00002007],2024-06-14 00:00:00,BPNS_So_240614,Carlota Muñiz,0000-0001-9584-3833,ebb_tide,micro,,4,NA,NA,23.96,Van Veen Grab,SoSOP3,NA,2024-06-14 00:00:00,OIS spoellokaal -80 Freezer,-80,Rune Lagaisse,0000-0001-9191-9140,Hanneloor Heynderickx,0000-0002-5611-837X,Y,NA,NA,NA,NA,NA,NA,,NA,NA,NA,EMOBON_BPNS_So_164
EMOBON 240614 BPNS So3 Micro B1,EMOBON metagenome sediment sample from station BPNS collected on 2024-06-14 community collected micro,256318,metagenome,metagenome,sediment [ENVO:00002007],2024-06-14 00:00:00,BPNS_So_240614,Carlota Muñiz,0000-0001-9584-3833,NA,micro,,blank_1,NA,NA,NA,NA,SoSOP3,NA,2024-06-14 00:00:00,OIS spoellokaal -80 Freezer,-80,Rune Lagaisse,0000-0001-9191-9140,Hanneloor Heynderickx,0000-0002-5611-837X,N,NA,NA,NA,NA,NA,NA,,NA,NA,NA,EMOBON_BPNS_So_165
EMOBON 240614 BPNS So3 Micro B2,EMOBON metagenome sediment sample from station BPNS collected on 2024-06-14 community collected micro,256318,metagenome,metagenome,sediment [ENVO:00002007],2024-06-14 00:00:00,BPNS_So_240614,Carlota Muñiz,0000-0001-9584-3833,NA,micro,,blank_2,NA,NA,NA,NA,SoSOP3,NA,2024-06-14 00:00:00,OIS spoellokaal -80 Freezer,-80,Rune Lagaisse,0000-0001-9191-9140,Hanneloor Heynderickx,0000-0002-5611-837X,N,NA,NA,NA,NA,NA,NA,,NA,NA,NA,EMOBON_BPNS_So_166
EMOBON 240614 BPNS So3 Meio R1,EMOBON mimarks-specimen sediment sample from station BPNS collected on 2024-06-01 community collected meio,33208,Metazoa ,mimarks-specimen,sediment [ENVO:00002007],2024-06-01 00:00:00,BPNS_So_240614,Carlota Muñiz,0000-0001-9584-3833,ebb_tide,meio,,1,32,NA,23.96,Van Veen Grab,SoSOP3,NA,2024-06-14 00:00:00,General storage OIS,-20,Rune Lagaisse,0000-0001-9191-9140,NA,NA,N,NA,2026-03-02 00:00:00,2026-04-02 00:00:00,-20,,,batch_8,,,,EMOBON_BPNS_So_167
EMOBON 240614 BPNS So3 Meio R2,EMOBON mimarks-specimen sediment sample from station BPNS collected on 2024-06-01 community collected meio,33208,Metazoa ,mimarks-specimen,sediment [ENVO:00002007],2024-06-01 00:00:00,BPNS_So_240614,Carlota Muñiz,0000-0001-9584-3833,ebb_tide,meio,,2,32,NA,23.96,Van Veen Grab,SoSOP3,NA,2024-06-14 00:00:00,General storage OIS,-20,Rune Lagaisse,0000-0001-9191-9140,NA,NA,N,NA,2026-03-02 00:00:00,2026-04-02 00:00:00,-20,NA,NA,NA,NA,stored in HCMR,NA,EMOBON_BPNS_So_168
EMOBON 240614 BPNS So3 Meio R3,EMOBON mimarks-specimen sediment sample from station BPNS collected on 2024-06-14 community collected meio,33208,Metazoa ,mimarks-specimen,sediment [ENVO:00002007],2024-06-14 00:00:00,BPNS_So_240614,Carlota Muñiz,0000-0001-9584-3833,ebb_tide,meio,,3,32,NA,23.96,Van Veen Grab,SoSOP3,NA,2024-06-14 00:00:00,General storage OIS,-20,Rune Lagaisse,0000-0001-9191-9140,NA,NA,Y,NA,NA,NA,NA,NA,NA,NA,NA,NA,NA,EMOBON_BPNS_So_169
EMOBON 240614 BPNS So3 Meio R4,EMOBON mimarks-specimen sediment sample from station BPNS collected on 2024-06-14 community collected meio,33208,Metazoa ,mimarks-specimen,sediment [ENVO:00002007],2024-06-14 00:00:00,BPNS_So_240614,Carlota Muñiz,0000-0001-9584-3833,ebb_tide,meio,,4,32,NA,23.96,Van Veen Grab,SoSOP3,NA,2024-06-14 00:00:00,General storage OIS,-20,Rune Lagaisse,0000-0001-9191-9140,NA,NA,Y,NA,NA,NA,NA,NA,NA,NA,NA,NA,NA,EMOBON_BPNS_So_170
EMOBON 240614 BPNS So3 Meio B,EMOBON mimarks-specimen sediment sample from station BPNS collected on 2024-06-14 community collected meio,256318,metagenome,mimarks-specimen,sediment [ENVO:00002007],2024-06-14 00:00:00,BPNS_So_240614,Carlota Muñiz,0000-0001-9584-3833,NA,meio,,blank_1,NA,NA,NA,NA,SoSOP3,NA,2024-06-14 00:00:00,General storage OIS,-20,Rune Lagaisse,0000-0001-9191-9140,NA,NA,N,NA,NA,NA,NA,NA,NA,NA,NA,NA,NA,EMOBON_BPNS_So_171
EMOBON 240826 BPNS So3 Micro R1,EMOBON metagenome sediment sample from station BPNS collected on 2024-08-26 community collected micro,412755,marine sediment metagenome,metagenome,sediment [ENVO:00002007],2024-08-26 00:00:00,BPNS_So_240826,Hanneloor Heynderickx,0000-0002-5611-837X,ebb_tide,micro,,1,NA,NA,22.07,Van Veen Grab,SoSOP3,NA,2024_08_26,OIS general lab -80 Freezer,-80,Hanneloor Heynderickx,0000-0002-5611-837X,NA,NA,N,NA,2025-01-27 00:00:00,2025-02-03 00:00:00,-20,,,batch_6,,,,EMOBON_BPNS_So_172
EMOBON 240826 BPNS So3 Micro R2,EMOBON metagenome sediment sample from station BPNS collected on 2024-08-26 community collected micro,412755,marine sediment metagenome,metagenome,sediment [ENVO:00002007],2024-08-26 00:00:00,BPNS_So_240826,Hanneloor Heynderickx,0000-0002-5611-837X,ebb_tide,micro,,2,NA,NA,22.07,Van Veen Grab,SoSOP3,NA,2024_08_26,OIS general lab -80 Freezer,-80,Hanneloor Heynderickx,0000-0002-5611-837X,NA,NA,N,NA,2025-01-27 00:00:00,2025-02-03 00:00:00,-20,,,,,not sequenced due to low budget; returned to BPNS on 24/11/2025,,EMOBON_BPNS_So_173
EMOBON 240826 BPNS So3 Micro R3,EMOBON metagenome sediment sample from station BPNS collected on 2024-08-26 community collected micro,412755,marine sediment metagenome,metagenome,sediment [ENVO:00002007],2024-08-26 00:00:00,BPNS_So_240826,Hanneloor Heynderickx,0000-0002-5611-837X,ebb_tide,micro,,3,NA,NA,22.07,Van Veen Grab,SoSOP3,NA,2024_08_26,OIS general lab -80 Freezer,-80,Hanneloor Heynderickx,0000-0002-5611-837X,NA,NA,Y,NA,NA,NA,NA,NA,NA,,NA,NA,NA,EMOBON_BPNS_So_174
EMOBON 240826 BPNS So3 Micro R4,EMOBON metagenome sediment sample from station BPNS collected on 2024-08-26 community collected micro,412755,marine sediment metagenome,metagenome,sediment [ENVO:00002007],2024-08-26 00:00:00,BPNS_So_240826,Hanneloor Heynderickx,0000-0002-5611-837X,ebb_tide,micro,,4,NA,NA,22.07,Van Veen Grab,SoSOP3,NA,2024_08_26,OIS general lab -80 Freezer,-80,Hanneloor Heynderickx,0000-0002-5611-837X,NA,NA,Y,NA,NA,NA,NA,NA,NA,,NA,NA,NA,EMOBON_BPNS_So_175
EMOBON 240826 BPNS So3 Micro B1,EMOBON metagenome sediment sample from station BPNS collected on 2024-08-26 community collected micro,256318,marine sediment metagenome,metagenome,sediment [ENVO:00002007],2024-08-26 00:00:00,BPNS_So_240826,Hanneloor Heynderickx,0000-0002-5611-837X,NA,micro,,blank_1,NA,NA,NA,NA,SoSOP3,NA,2024_08_26,OIS general lab -80 Freezer,-80,Hanneloor Heynderickx,0000-0002-5611-837X,NA,NA,N,NA,NA,NA,NA,NA,NA,,NA,NA,NA,EMOBON_BPNS_So_176
EMOBON 240826 BPNS So3 Micro B2,EMOBON metagenome sediment sample from station BPNS collected on 2024-08-26 community collected micro,256318,metagenome,metagenome,sediment [ENVO:00002007],2024-08-26 00:00:00,BPNS_So_240826,Hanneloor Heynderickx,0000-0002-5611-837X,NA,micro,,blank_2,NA,NA,NA,NA,SoSOP3,NA,2024_08_26,OIS general lab -80 Freezer,-80,Hanneloor Heynderickx,0000-0002-5611-837X,NA,NA,N,NA,NA,NA,NA,NA,NA,,NA,NA,NA,EMOBON_BPNS_So_177
EMOBON 241022 BPNS So3 Meio R1,EMOBON mimarks-specimen sediment sample from station BPNS collected on 2024-10-22 community collected meio,33208,Metazoa ,mimarks-specimen,sediment [ENVO:00002007],2024-10-22 00:00:00,BPNS_So_241022,Lara Macheriotou,0000-0002-5662-5689,ebb_tide,meio,,1,NA,NA,21.92,Van Veen Grab,SoSOP3,NA,2024-10-22 00:00:00,"UGent MarBiol Freezer #4, Box#61",-20,Lara Macheriotou,0000-0002-5662-5689,NA,NA,N,479.3,2025-02-10 00:00:00,2025-02-20 00:00:00,-20,,,batch_6,,,,EMOBON_BPNS_So_178
EMOBON 241022 BPNS So3 Meio R2,EMOBON mimarks-specimen sediment sample from station BPNS collected on 2024-10-22 community collected meio,33208,Metazoa ,mimarks-specimen,sediment [ENVO:00002007],2024-10-22 00:00:00,BPNS_So_241022,Lara Macheriotou,0000-0002-5662-5689,ebb_tide,meio,,2,32,NA,21.92,Van Veen Grab,SoSOP3,NA,2024-10-22 00:00:00,"UGent MarBiol Freezer #4, Box#61",-20,Lara Macheriotou,0000-0002-5662-5689,NA,NA,N,481.6,2025-02-10 00:00:00,2025-02-20 00:00:00,-20,,,,,,,EMOBON_BPNS_So_179
EMOBON 241022 BPNS So3 Meio R3,EMOBON mimarks-specimen sediment sample from station BPNS collected on 2024-10-22 community collected meio,33208,Metazoa ,mimarks-specimen,sediment [ENVO:00002007],2024-10-22 00:00:00,BPNS_So_241022,Lara Macheriotou,0000-0002-5662-5689,ebb_tide,meio,,3,32,NA,21.92,Van Veen Grab,SoSOP3,NA,2024-10-22 00:00:00,"UGent MarBiol Freezer #4, Box#61",-20,Lara Macheriotou,0000-0002-5662-5689,NA,NA,Y,461.5,NA,NA,NA,NA,NA,,NA,NA,NA,EMOBON_BPNS_So_180
EMOBON 241022 BPNS So3 Meio R4,EMOBON mimarks-specimen sediment sample from station BPNS collected on 2024-10-22 community collected meio,33208,Metazoa ,mimarks-specimen,sediment [ENVO:00002007],2024-10-22 00:00:00,BPNS_So_241022,Lara Macheriotou,0000-0002-5662-5689,ebb_tide,meio,,4,32,NA,21.92,Van Veen Grab,SoSOP3,NA,2024-10-22 00:00:00,"UGent MarBiol Freezer #4, Box#61",-20,Lara Macheriotou,0000-0002-5662-5689,NA,NA,Y,454.2,NA,NA,NA,NA,NA,,NA,NA,NA,EMOBON_BPNS_So_181
EMOBON 241022 BPNS So3 Meio B,EMOBON mimarks-specimen sediment sample from station BPNS collected on 2024-10-22 community collected meio,256318,metagenome,mimarks-specimen,sediment [ENVO:00002007],2024-10-22 00:00:00,BPNS_So_241022,Lara Macheriotou,0000-0002-5662-5689,NA,meio,,blank_1,32,NA,NA,Van Veen Grab,SoSOP3,NA,2024-10-22 00:00:00,"UGent MarBiol Freezer #4, Box#61",-20,Lara Macheriotou,0000-0002-5662-5689,NA,NA,N,NA,NA,NA,NA,NA,NA,,NA,NA,NA,EMOBON_BPNS_So_182
EMOBON 241022 BPNS So3 Micro R1,EMOBON metagenome sediment sample from station BPNS collected on 2024-10-22 community collected micro,412755,marine sediment metagenome,metagenome,sediment [ENVO:00002007],2024-10-22 00:00:00,BPNS_So_241022,Carlota Muñiz,0000-0001-9584-3833,ebb_tide,micro,,1,NA,NA,21.92,Van Veen Grab,SoSOP3,NA,2024-10-22 00:00:00,OIS general lab -80 Freezer,-80,Julie Muyle,0000-0002-7481-0626,Hanneloor Heynderickx,0000-0002-5611-837X,N,NA,2025-01-27 00:00:00,2025-02-03 00:00:00,-20,,,batch_6,,,,EMOBON_BPNS_So_183
EMOBON 241022 BPNS So3 Micro R2,EMOBON metagenome sediment sample from station BPNS collected on 2024-10-22 community collected micro,412755,marine sediment metagenome,metagenome,sediment [ENVO:00002007],2024-10-22 00:00:00,BPNS_So_241022,Carlota Muñiz,0000-0001-9584-3833,ebb_tide,micro,,2,NA,NA,21.92,Van Veen Grab,SoSOP3,NA,2024-10-22 00:00:00,OIS general lab -80 Freezer,-80,Julie Muyle,0000-0002-7481-0626,Hanneloor Heynderickx,0000-0002-5611-837X,N,NA,2025-01-27 00:00:00,2025-02-03 00:00:00,-20,,,,,not sequenced due to low budget; returned to BPNS on 24/11/2025,,EMOBON_BPNS_So_184
EMOBON 241022 BPNS So3 Micro R3,EMOBON metagenome sediment sample from station BPNS collected on 2024-10-22 community collected micro,412755,marine sediment metagenome,metagenome,sediment [ENVO:00002007],2024-10-22 00:00:00,BPNS_So_241022,Carlota Muñiz,0000-0001-9584-3833,ebb_tide,micro,,3,NA,NA,21.92,Van Veen Grab,SoSOP3,NA,2024-10-22 00:00:00,OIS general lab -80 Freezer,-80,Julie Muyle,0000-0002-7481-0626,Hanneloor Heynderickx,0000-0002-5611-837X,Y,NA,NA,NA,NA,NA,NA,,NA,NA,NA,EMOBON_BPNS_So_185
EMOBON 241022 BPNS So3 Micro R4,EMOBON metagenome sediment sample from station BPNS collected on 2024-10-22 community collected micro,412755,marine sediment metagenome,metagenome,sediment [ENVO:00002007],2024-10-22 00:00:00,BPNS_So_241022,Carlota Muñiz,0000-0001-9584-3833,ebb_tide,micro,,4,NA,NA,21.92,Van Veen Grab,SoSOP3,NA,2024-10-22 00:00:00,OIS general lab -80 Freezer,-80,Julie Muyle,0000-0002-7481-0626,Hanneloor Heynderickx,0000-0002-5611-837X,Y,NA,NA,NA,NA,NA,NA,,NA,NA,NA,EMOBON_BPNS_So_186
EMOBON 241022 BPNS So3 Micro B1,EMOBON metagenome sediment sample from station BPNS collected on 2024-10-22 community collected micro,256318,metagenome,metagenome,sediment [ENVO:00002007],2024-10-22 00:00:00,BPNS_So_241022,Carlota Muñiz,0000-0001-9584-3833,NA,micro,,blank_1,NA,NA,NA,NA,SoSOP3,NA,2024-10-22 00:00:00,OIS general lab -80 Freezer,-80,Julie Muyle,0000-0002-7481-0626,Hanneloor Heynderickx,0000-0002-5611-837X,N,NA,NA,NA,NA,NA,NA,,NA,NA,NA,EMOBON_BPNS_So_187
EMOBON 241022 BPNS So3 Micro B2,EMOBON metagenome sediment sample from station BPNS collected on 2024-10-22 community collected micro,256318,metagenome,metagenome,sediment [ENVO:00002007],2024-10-22 00:00:00,BPNS_So_241022,Carlota Muñiz,0000-0001-9584-3833,NA,micro,,blank_2,NA,NA,NA,NA,SoSOP3,NA,2024-10-22 00:00:00,OIS general lab -80 Freezer,-80,Julie Muyle,0000-0002-7481-0626,Hanneloor Heynderickx,0000-0002-5611-837X,N,NA,NA,NA,NA,NA,NA,,NA,NA,NA,EMOBON_BPNS_So_188
EMOBON 241022 BPNS So3 Macro R1,EMOBON mimarks-specimen sediment sample from station BPNS collected on 2024-10-22 community collected macro,33208,Metazoa ,mimarks-specimen,sediment [ENVO:00002007],2024-10-22 00:00:00,BPNS_So_241022,Carlota Muñiz,0000-0001-9584-3833,ebb_tide,macro,,1,NA,NA,21.92,Van Veen Grab,SoSOP3,NA,2024-10-22 00:00:00,OIS -20 Freezer room,-20,Julie Muyle,0000-0002-7481-0626,Hanneloor Heynderickx,0000-0002-5611-837X,N,NA,2025-01-27 00:00:00,2025-02-03 00:00:00,-20,,,batch_6,,,,EMOBON_BPNS_So_189
EMOBON 241022 BPNS So3 Macro R2,EMOBON mimarks-specimen sediment sample from station BPNS collected on 2024-10-22 community collected macro,33208,Metazoa ,mimarks-specimen,sediment [ENVO:00002007],2024-10-22 00:00:00,BPNS_So_241022,Carlota Muñiz,0000-0001-9584-3833,ebb_tide,macro,,2,NA,NA,21.92,Van Veen Grab,SoSOP3,NA,2024-10-22 00:00:00,OIS -20 Freezer room,-20,Julie Muyle,0000-0002-7481-0626,Hanneloor Heynderickx,0000-0002-5611-837X,N,NA,2025-01-27 00:00:00,2025-02-03 00:00:00,-20,,,,,not sequenced due to low budget; returned to BPNS on 24/11/2025,,EMOBON_BPNS_So_190
EMOBON 241022 BPNS So3 Macro R3,EMOBON mimarks-specimen sediment sample from station BPNS collected on 2024-10-22 community collected macro,33208,Metazoa ,mimarks-specimen,sediment [ENVO:00002007],2024-10-22 00:00:00,BPNS_So_241022,Carlota Muñiz,0000-0001-9584-3833,ebb_tide,macro,,3,NA,NA,21.92,Van Veen Grab,SoSOP3,NA,2024-10-22 00:00:00,OIS -20 Freezer room,-20,Julie Muyle,0000-0002-7481-0626,Hanneloor Heynderickx,0000-0002-5611-837X,Y,NA,NA,NA,NA,NA,NA,,NA,NA,NA,EMOBON_BPNS_So_191
EMOBON 241022 BPNS So3 Macro R4,EMOBON mimarks-specimen sediment sample from station BPNS collected on 2024-10-22 community collected macro,33208,Metazoa ,mimarks-specimen,sediment [ENVO:00002007],2024-10-22 00:00:00,BPNS_So_241022,Carlota Muñiz,0000-0001-9584-3833,ebb_tide,macro,,4,NA,NA,21.92,Van Veen Grab,SoSOP3,NA,2024-10-22 00:00:00,OIS -20 Freezer room,-20,Julie Muyle,0000-0002-7481-0626,Hanneloor Heynderickx,0000-0002-5611-837X,Y,NA,NA,NA,NA,NA,NA,,NA,NA,NA,EMOBON_BPNS_So_192
EMOBON 241022 BPNS So3 Macro B,EMOBON mimarks-specimen sediment sample from station BPNS collected on 2024-10-22 community collected macro,256318,metagenome,mimarks-specimen,sediment [ENVO:00002007],2024-10-22 00:00:00,BPNS_So_241022,Carlota Muñiz,0000-0001-9584-3833,NA,macro,,blank_1,NA,NA,NA,NA,SoSOP3,NA,2024-10-22 00:00:00,OIS -20 Freezer room,-20,Julie Muyle,0000-0002-7481-0626,Hanneloor Heynderickx,0000-0002-5611-837X,N,NA,NA,NA,NA,NA,NA,,NA,NA,NA,EMOBON_BPNS_So_193
EMOBON 241129 BPNS So3 Micro R1,EMOBON metagenome sediment sample from station BPNS collected on 2024-11-29 community collected micro,412755,marine sediment metagenome,metagenome,sediment [ENVO:00002007],2024-11-29 00:00:00,BPNS_So_241129,Carlota Muñiz,0000-0001-9584-3833,flood_tide,micro,,1,NA,NA,23.16,Van Veen Grab,SoSOP3,NA,2024-11-29 00:00:00,OIS general lab -80 Freezer,-80,Julie Muyle,0000-0002-7481-0626,Hanneloor Heynderickx,0000-0002-5611-837X,N,NA,2025-01-27 00:00:00,2025-02-03 00:00:00,-20,,,batch_6,,,,EMOBON_BPNS_So_194
EMOBON 241129 BPNS So3 Micro R2,EMOBON metagenome sediment sample from station BPNS collected on 2024-11-29 community collected micro,412755,marine sediment metagenome,metagenome,sediment [ENVO:00002007],2024-11-29 00:00:00,BPNS_So_241129,Carlota Muñiz,0000-0001-9584-3833,flood_tide,micro,,2,NA,NA,23.16,Van Veen Grab,SoSOP3,NA,2024-11-29 00:00:00,OIS general lab -80 Freezer,-80,Julie Muyle,0000-0002-7481-0626,Hanneloor Heynderickx,0000-0002-5611-837X,N,NA,2025-01-27 00:00:00,2025-02-03 00:00:00,-20,,,,,not sequenced due to low budget; returned to BPNS on 24/11/2025,,EMOBON_BPNS_So_195
EMOBON 241129 BPNS So3 Micro R3,EMOBON metagenome sediment sample from station BPNS collected on 2024-11-29 community collected micro,412755,marine sediment metagenome,metagenome,sediment [ENVO:00002007],2024-11-29 00:00:00,BPNS_So_241129,Carlota Muñiz,0000-0001-9584-3833,flood_tide,micro,,3,NA,NA,23.16,Van Veen Grab,SoSOP3,NA,2024-11-29 00:00:00,OIS general lab -80 Freezer,-80,Julie Muyle,0000-0002-7481-0626,Hanneloor Heynderickx,0000-0002-5611-837X,Y,NA,NA,NA,NA,NA,NA,,NA,NA,NA,EMOBON_BPNS_So_196
EMOBON 241129 BPNS So3 Micro R4,EMOBON metagenome sediment sample from station BPNS collected on 2024-11-29 community collected micro,412755,marine sediment metagenome,metagenome,sediment [ENVO:00002007],2024-11-29 00:00:00,BPNS_So_241129,Carlota Muñiz,0000-0001-9584-3833,flood_tide,micro,,4,NA,NA,23.16,Van Veen Grab,SoSOP3,NA,2024-11-29 00:00:00,OIS general lab -80 Freezer,-80,Julie Muyle,0000-0002-7481-0626,Hanneloor Heynderickx,0000-0002-5611-837X,Y,NA,NA,NA,NA,NA,NA,,NA,NA,NA,EMOBON_BPNS_So_197
EMOBON 241129 BPNS So3 Micro B1,EMOBON metagenome sediment sample from station BPNS collected on 2024-11-29 community collected micro,256318,metagenome,metagenome,sediment [ENVO:00002007],2024-11-29 00:00:00,BPNS_So_241129,Carlota Muñiz,0000-0001-9584-3833,NA,micro,,blank_1,NA,NA,NA,NA,SoSOP3,NA,2024-11-29 00:00:00,OIS general lab -80 Freezer,-80,Julie Muyle,0000-0002-7481-0626,Hanneloor Heynderickx,0000-0002-5611-837X,N,NA,NA,NA,NA,NA,NA,,NA,NA,NA,EMOBON_BPNS_So_198
EMOBON 250226 BPNS So3 Micro R1,EMOBON metagenome sediment sample from station BPNS collected on 2024-02-27 community collected micro,412755,marine sediment metagenome,metagenome,sediment [ENVO:00002007],2024-02-27 00:00:00,BPNS_So_250227,Nelle Meyers,0000-0001-9205-6260,flood_tide,micro,,1,NA,NA,NA,Van Veen Grab,SoSOP3,NA,2024-02-27 00:00:00,OIS general lab -80 Freezer,-80,Julie Muyle,0000-0002-7481-0626,Hanneloor Heynderickx,0000-0002-5611-837X,N,NA,2025-10-07 00:00:00,2025-10-10 00:00:00,-20,2025-12-02 00:00:00,2025-12-04 00:00:00,batch_7,,,,EMOBON_BPNS_So_199
EMOBON 250226 BPNS So3 Micro R2,EMOBON metagenome sediment sample from station BPNS collected on 2024-02-27 community collected micro,412755,marine sediment metagenome,metagenome,sediment [ENVO:00002007],2024-02-27 00:00:00,BPNS_So_250227,Nelle Meyers,0000-0001-9205-6260,flood_tide,micro,,2,NA,NA,NA,Van Veen Grab,SoSOP3,NA,2024-02-27 00:00:00,OIS general lab -80 Freezer,-80,Julie Muyle,0000-0002-7481-0626,Hanneloor Heynderickx,0000-0002-5611-837X,Y,NA,NA,NA,NA,NA,NA,,NA,NA,NA,EMOBON_BPNS_So_200
EMOBON 250226 BPNS So3 Micro R3,EMOBON metagenome sediment sample from station BPNS collected on 2024-02-27 community collected micro,412755,marine sediment metagenome,metagenome,sediment [ENVO:00002007],2024-02-27 00:00:00,BPNS_So_250227,Nelle Meyers,0000-0001-9205-6260,flood_tide,micro,,3,NA,NA,NA,Van Veen Grab,SoSOP3,NA,2024-02-27 00:00:00,OIS general lab -80 Freezer,-80,Julie Muyle,0000-0002-7481-0626,Hanneloor Heynderickx,0000-0002-5611-837X,Y,NA,NA,NA,NA,NA,NA,,NA,NA,NA,EMOBON_BPNS_So_201
EMOBON 250226 BPNS So3 Micro R4,EMOBON metagenome sediment sample from station BPNS collected on 2024-02-27 community collected micro,412755,marine sediment metagenome,metagenome,sediment [ENVO:00002007],2024-02-27 00:00:00,BPNS_So_250227,Nelle Meyers,0000-0001-9205-6260,flood_tide,micro,,4,NA,NA,NA,Van Veen Grab,SoSOP3,NA,2024-02-27 00:00:00,OIS general lab -80 Freezer,-80,Julie Muyle,0000-0002-7481-0626,Hanneloor Heynderickx,0000-0002-5611-837X,Y,NA,NA,NA,NA,NA,NA,,NA,NA,NA,EMOBON_BPNS_So_202
EMOBON 250226 BPNS So3 Micro B1,EMOBON metagenome sediment sample from station BPNS collected on 2024-02-27 community collected micro,256318,metagenome,metagenome,sediment [ENVO:00002007],2024-02-27 00:00:00,BPNS_So_250227,Nelle Meyers,0000-0001-9205-6260,NA,micro,,blank_1,NA,NA,NA,NA,SoSOP3,NA,2024-02-27 00:00:00,OIS general lab -80 Freezer,-80,Julie Muyle,0000-0002-7481-0626,Hanneloor Heynderickx,0000-0002-5611-837X,Y,NA,NA,NA,NA,NA,NA,,NA,NA,NA,EMOBON_BPNS_So_203
EMOBON 250423 BPNS So3 Micro R1,EMOBON metagenome sediment sample from station BPNS collected on 2025-04-23 community collected micro,412755,marine sediment metagenome,metagenome,sediment [ENVO:00002007],2025-04-23 00:00:00,BPNS_So_250423,Julie Muyle,0000-0002-7481-0626,ebb_tide,micro,,1,NA,NA,21,Van Veen Grab,SoSOP3,NA,2025-04-23 00:00:00,OIS general lab -80 Freezer,-80,Julie Muyle,0000-0002-7481-0626,Hanneloor Heynderickx,0000-0002-5611-837X,N,NA,2025-10-07 00:00:00,2025-10-10 00:00:00,-20,2025-12-02 00:00:00,2025-12-04 00:00:00,batch_7,,,,EMOBON_BPNS_So_204
EMOBON 250423 BPNS So3 Micro R2,EMOBON metagenome sediment sample from station BPNS collected on 2025-04-23 community collected micro,412755,marine sediment metagenome,metagenome,sediment [ENVO:00002007],2025-04-23 00:00:00,BPNS_So_250423,Julie Muyle,0000-0002-7481-0626,ebb_tide,micro,,2,NA,NA,21,Van Veen Grab,SoSOP3,NA,2025-04-23 00:00:00,OIS general lab -80 Freezer,-80,Julie Muyle,0000-0002-7481-0626,Hanneloor Heynderickx,0000-0002-5611-837X,Y,NA,NA,NA,NA,NA,NA,,NA,NA,NA,EMOBON_BPNS_So_205
EMOBON 250423 BPNS So3 Micro R3,EMOBON metagenome sediment sample from station BPNS collected on 2025-04-23 community collected micro,412755,marine sediment metagenome,metagenome,sediment [ENVO:00002007],2025-04-23 00:00:00,BPNS_So_250423,Julie Muyle,0000-0002-7481-0626,ebb_tide,micro,,3,NA,NA,21,Van Veen Grab,SoSOP3,NA,2025-04-23 00:00:00,OIS general lab -80 Freezer,-80,Julie Muyle,0000-0002-7481-0626,Hanneloor Heynderickx,0000-0002-5611-837X,Y,NA,NA,NA,NA,NA,NA,,NA,NA,NA,EMOBON_BPNS_So_206
EMOBON 250423 BPNS So3 Micro R4,EMOBON metagenome sediment sample from station BPNS collected on 2025-04-23 community collected micro,412755,marine sediment metagenome,metagenome,sediment [ENVO:00002007],2025-04-23 00:00:00,BPNS_So_250423,Julie Muyle,0000-0002-7481-0626,ebb_tide,micro,,4,NA,NA,21,Van Veen Grab,SoSOP3,NA,2025-04-23 00:00:00,OIS general lab -80 Freezer,-80,Julie Muyle,0000-0002-7481-0626,Hanneloor Heynderickx,0000-0002-5611-837X,Y,NA,NA,NA,NA,NA,NA,,NA,NA,NA,EMOBON_BPNS_So_207
EMOBON 250423 BPNS So3 Micro B1,EMOBON metagenome sediment sample from station BPNS collected on 2025-04-23 community collected micro,256318,metagenome,metagenome,sediment [ENVO:00002007],2025-04-23 00:00:00,BPNS_So_250423,Julie Muyle,0000-0002-7481-0626,NA,micro,,blank_1,NA,NA,NA,NA,SoSOP3,NA,2025-04-23 00:00:00,OIS general lab -80 Freezer,-80,Julie Muyle,0000-0002-7481-0626,Hanneloor Heynderickx,0000-0002-5611-837X,Y,NA,NA,NA,NA,NA,NA,,NA,NA,NA,EMOBON_BPNS_So_208
EMOBON 250828 BPNS So3 Micro R1,EMOBON metagenome sediment sample from station BPNS collected on 2025-08-28 community collected micro,412755,marine sediment metagenome,metagenome,sediment [ENVO:00002007],2025-08-28 00:00:00,BPNS_So_250828,Carlota Muñiz,0000-0001-9584-3833,ebb_tide,micro,,1,NA,NA,22.47,Van Veen Grab,SoSOP3,NA,2025-08-28 00:00:00,OIS general lab -80 Freezer,-80,Julie Muyle,0000-0002-7481-0626,NA,NA,N,NA,2025-10-07 00:00:00,2025-10-10 00:00:00,-20,2025-12-02 00:00:00,2025-12-04 00:00:00,batch_7,,,,EMOBON_BPNS_So_209
EMOBON 250828 BPNS So3 Micro R2,EMOBON metagenome sediment sample from station BPNS collected on 2025-08-28 community collected micro,412755,marine sediment metagenome,metagenome,sediment [ENVO:00002007],2025-08-28 00:00:00,BPNS_So_250828,Carlota Muñiz,0000-0001-9584-3833,ebb_tide,micro,,2,NA,NA,22.47,Van Veen Grab,SoSOP3,NA,2025-08-28 00:00:00,OIS general lab -80 Freezer,-80,Julie Muyle,0000-0002-7481-0626,NA,NA,Y,NA,NA,NA,NA,NA,NA,,NA,NA,NA,EMOBON_BPNS_So_210
EMOBON 250828 BPNS So3 Micro R3,EMOBON metagenome sediment sample from station BPNS collected on 2025-08-28 community collected micro,412755,marine sediment metagenome,metagenome,sediment [ENVO:00002007],2025-08-28 00:00:00,BPNS_So_250828,Carlota Muñiz,0000-0001-9584-3833,ebb_tide,micro,,3,NA,NA,22.47,Van Veen Grab,SoSOP3,NA,2025-08-28 00:00:00,OIS general lab -80 Freezer,-80,Julie Muyle,0000-0002-7481-0626,NA,NA,Y,NA,NA,NA,NA,NA,NA,,NA,NA,NA,EMOBON_BPNS_So_211
EMOBON 250828 BPNS So3 Micro R4,EMOBON metagenome sediment sample from station BPNS collected on 2025-08-28 community collected micro,412755,marine sediment metagenome,metagenome,sediment [ENVO:00002007],2025-08-28 00:00:00,BPNS_So_250828,Carlota Muñiz,0000-0001-9584-3833,ebb_tide,micro,,4,NA,NA,22.47,Van Veen Grab,SoSOP3,NA,2025-08-28 00:00:00,OIS general lab -80 Freezer,-80,Julie Muyle,0000-0002-7481-0626,NA,NA,Y,NA,NA,NA,NA,NA,NA,,NA,NA,NA,EMOBON_BPNS_So_212
EMOBON 250828 BPNS So3 Micro B1,EMOBON metagenome sediment sample from station BPNS collected on 2025-08-28 community collected micro,256318,metagenome,metagenome,sediment [ENVO:00002007],2025-08-28 00:00:00,BPNS_So_250828,Carlota Muñiz,0000-0001-9584-3833,NA,micro,,blank_1,NA,NA,22.47,NA,SoSOP3,NA,2025-08-28 00:00:00,OIS general lab -80 Freezer,-80,Julie Muyle,0000-0002-7481-0626,NA,NA,Y,NA,NA,NA,NA,NA,NA,,NA,NA,NA,EMOBON_BPNS_So_213
EMOBON 250423 BPNS So3 Macro R1,EMOBON mimarks-specimen sediment sample from station BPNS collected on 2025-04-23 community collected macro,33208,Metazoa ,mimarks-specimen,sediment [ENVO:00002007],2025-04-23 00:00:00,BPNS_So_250423,Julie Muyle,0000-0002-7481-0626,ebb_tide,macro,,1,NA,NA,21,Van Veen Grab,SoSOP3,NA,2025-04-23 00:00:00,OIS -20 Freezer room,-20,Julie Muyle,0000-0002-7481-0626,Hanneloor Heynderickx,0000-0002-5611-837X,N,NA,2025-10-07 00:00:00,2025-10-10 00:00:00,-20,2025-11-24 00:00:00,2025-11-26 00:00:00,batch_7,,,,EMOBON_BPNS_So_214
EMOBON 250423 BPNS So3 Macro R2,EMOBON mimarks-specimen sediment sample from station BPNS collected on 2025-04-23 community collected macro,33208,Metazoa ,mimarks-specimen,sediment [ENVO:00002007],2025-04-23 00:00:00,BPNS_So_250423,Julie Muyle,0000-0002-7481-0626,ebb_tide,macro,,2,NA,NA,21,Van Veen Grab,SoSOP3,NA,2025-04-23 00:00:00,OIS -20 Freezer room,-20,Julie Muyle,0000-0002-7481-0626,Hanneloor Heynderickx,0000-0002-5611-837X,Y,NA,NA,NA,NA,NA,NA,,NA,NA,NA,EMOBON_BPNS_So_215
EMOBON 250423 BPNS So3 Macro R3,EMOBON mimarks-specimen sediment sample from station BPNS collected on 2025-04-23 community collected macro,33208,Metazoa ,mimarks-specimen,sediment [ENVO:00002007],2025-04-23 00:00:00,BPNS_So_250423,Julie Muyle,0000-0002-7481-0626,ebb_tide,macro,,3,NA,NA,21,Van Veen Grab,SoSOP3,NA,2025-04-23 00:00:00,OIS -20 Freezer room,-20,Julie Muyle,0000-0002-7481-0626,Hanneloor Heynderickx,0000-0002-5611-837X,Y,NA,NA,NA,NA,NA,NA,,NA,NA,NA,EMOBON_BPNS_So_216
EMOBON 250423 BPNS So3 Macro R4,EMOBON mimarks-specimen sediment sample from station BPNS collected on 2025-04-23 community collected macro,33208,Metazoa ,mimarks-specimen,sediment [ENVO:00002007],2025-04-23 00:00:00,BPNS_So_250423,Julie Muyle,0000-0002-7481-0626,ebb_tide,macro,,4,NA,NA,21,Van Veen Grab,SoSOP3,NA,2025-04-23 00:00:00,OIS -20 Freezer room,-20,Julie Muyle,0000-0002-7481-0626,Hanneloor Heynderickx,0000-0002-5611-837X,Y,NA,NA,NA,NA,NA,NA,,NA,NA,NA,EMOBON_BPNS_So_217
EMOBON 250423 BPNS So3 Macro B1,EMOBON mimarks-specimen sediment sample from station BPNS collected on 2025-04-23 community collected macro,33208,Metazoa ,mimarks-specimen,sediment [ENVO:00002007],2025-04-23 00:00:00,BPNS_So_250423,Julie Muyle,0000-0002-7481-0626,NA,macro,,blank_1,NA,NA,NA,NA,SoSOP3,NA,2025-04-23 00:00:00,OIS -20 Freezer room,-20,Julie Muyle,0000-0002-7481-0626,Hanneloor Heynderickx,0000-0002-5611-837X,Y,NA,NA,NA,NA,NA,NA,,NA,NA,NA,EMOBON_BPNS_So_218
EMOBON 241129 BPNS So3 Micro B2,EMOBON metagenome sediment sample from station BPNS collected on 2024-11-29 community collected micro,256318,metagenome,metagenome,sediment [ENVO:00002007],2024-11-29 00:00:00,BPNS_So_241129,Carlota Muñiz,0000-0001-9584-3833,flood_tide,micro,,blank_2,NA,NA,NA,Van Veen Grab,SoSOP3,NA,2024-11-29 00:00:00,OIS general lab -80 Freezer,-80,Julie Muyle,0000-0002-7481-0626,Hanneloor Heynderickx,0000-0002-5611-837X,Y,NA,NA,NA,NA,NA,NA,NA,NA,NA,NA,EMOBON_BPNS_So_219
EMOBON 250423 BPNS So3 Micro B2,EMOBON metagenome sediment sample from station BPNS collected on 2025-04-23 community collected micro,256318,metagenome,metagenome,sediment [ENVO:00002007],2025-04-23 00:00:00,BPNS_So_250423,Julie Muyle,0000-0002-7481-0626,ebb_tide,micro,,blank_2,NA,NA,NA,Van Veen Grab,SoSOP3,NA,2025-04-23 00:00:00,OIS general lab -80 Freezer,-80,Julie Muyle,0000-0002-7481-0626,Hanneloor Heynderickx,0000-0002-5611-837X,Y,NA,NA,NA,NA,NA,NA,NA,NA,NA,NA,EMOBON_BPNS_So_220
EMOBON 250828 BPNS So3 Micro B2,EMOBON metagenome sediment sample from station BPNS collected on 2025-08-28 community collected micro,256318,metagenome,metagenome,sediment [ENVO:00002007],2025-08-28 00:00:00,BPNS_So_250828,Carlota Muñiz,0000-0001-9584-3833,ebb_tide,micro,,blank_2,NA,NA,NA,Van Veen Grab,SoSOP3,NA,2025-08-28 00:00:00,OIS general lab -80 Freezer,-80,Julie Muyle,0000-0002-7481-0626,NA,NA,Y,NA,NA,NA,NA,NA,NA,NA,NA,NA,NA,EMOBON_BPNS_So_221
EMOBON 251009 BPNS So3 Meio R1,EMOBON mimarks-specimen sediment sample from station BPNS collected on 2025-10-09 community collected meio,33208,Metazoa,mimarks-specimen,sediment [ENVO:00002007],2025-10-09 00:00:00,BPNS_So_251009,Carl Van Colen,NA,flood_tide,meio,,1,32,NA,NA,Van Veen Grab,SoSOP3,NA,2025-10-09 00:00:00,"UGent MarBiol Freezer #4, Box#61",-20,Lara Macheriotou,0000-0002-5662-5689,NA,NA,N,239,2026-03-02 00:00:00,2026-04-02 00:00:00,-20,,,batch_8,,,,EMOBON_BPNS_So_222
EMOBON 251009 BPNS So3 Meio R2,EMOBON mimarks-specimen sediment sample from station BPNS collected on 2025-10-09 community collected meio,33208,Metazoa,mimarks-specimen,sediment [ENVO:00002007],2025-10-09 00:00:00,BPNS_So_251009,Carl Van Colen,NA,flood_tide,meio,,2,32,NA,NA,Van Veen Grab,SoSOP3,NA,2025-10-09 00:00:00,"UGent MarBiol Freezer #4, Box#61",-20,Lara Macheriotou,0000-0002-5662-5689,NA,NA,N,225,2026-03-02 00:00:00,2026-04-02 00:00:00,-20,NA,NA,NA,NA,stored in HCMR,NA,EMOBON_BPNS_So_223
EMOBON 251009 BPNS So3 Meio R3,EMOBON mimarks-specimen sediment sample from station BPNS collected on 2025-10-09 community collected meio,33208,Metazoa,mimarks-specimen,sediment [ENVO:00002007],2025-10-09 00:00:00,BPNS_So_251009,Carl Van Colen,NA,flood_tide,meio,,3,32,NA,NA,Van Veen Grab,SoSOP3,NA,2025-10-09 00:00:00,"UGent MarBiol Freezer #4, Box#61",-20,Lara Macheriotou,0000-0002-5662-5689,NA,NA,Y,231,NA,NA,NA,NA,NA,NA,NA,NA,NA,EMOBON_BPNS_So_224
EMOBON 251009 BPNS So3 Meio R4,EMOBON mimarks-specimen sediment sample from station BPNS collected on 2025-10-09 community collected meio,33208,Metazoa,mimarks-specimen,sediment [ENVO:00002007],2025-10-09 00:00:00,BPNS_So_251009,Carl Van Colen,NA,flood_tide,meio,,4,32,NA,NA,Van Veen Grab,SoSOP3,NA,2025-10-09 00:00:00,"UGent MarBiol Freezer #4, Box#61",-20,Lara Macheriotou,0000-0002-5662-5689,NA,NA,Y,212,NA,NA,NA,NA,NA,NA,NA,NA,NA,EMOBON_BPNS_So_225
EMOBON 251009 BPNS So3 Meio B,EMOBON mimarks-specimen sediment sample from station BPNS collected on 2025-10-09 community collected meio,256318,Metagenome,mimarks-specimen,sediment [ENVO:00002007],2025-10-09 00:00:00,BPNS_So_251009,Carl Van Colen,NA,NA,meio,,blank_1,NA,NA,NA,NA,SoSOP3,NA,2025-10-09 00:00:00,"UGent MarBiol Freezer #4, Box#61",-20,Lara Macheriotou,0000-0002-5662-5689,NA,NA,N,NA,NA,NA,NA,NA,NA,NA,NA,NA,NA,EMOBON_BPNS_So_226
EMOBON 251223 BPNS So3 Micro R1,EMOBON metagenome sediment sample from station BPNS collected on 2025-12-23 community collected micro,412755,marine sediment metagenome,metagenome,sediment [ENVO:00002007],2025-12-23 00:00:00,BPNS_So_251223,Julie Muyle,0000-0002-7481-0626,flood_tide,micro,,1,NA,NA,22.53,Van Veen Grab,SoSOP3,NA,2025-12-23 00:00:00,OIS general lab -80 Freezer,-80,Julie Muyle,0000-0002-7481-0626,Hanneloor Heynderickx,0000-0002-5611-837X,,NA,2026-03-09 00:00:00,2026-03-11 00:00:00,-20,,,batch_8,,,,EMOBON_BPNS_So_227
EMOBON 251223 BPNS So3 Micro R2,EMOBON metagenome sediment sample from station BPNS collected on 2025-12-23 community collected micro,412755,marine sediment metagenome,metagenome,sediment [ENVO:00002007],2025-12-23 00:00:00,BPNS_So_251223,Julie Muyle,0000-0002-7481-0626,flood_tide,micro,,2,NA,NA,22.53,Van Veen Grab,SoSOP3,NA,2025-12-23 00:00:00,OIS general lab -80 Freezer,-80,Julie Muyle,0000-0002-7481-0626,Hanneloor Heynderickx,0000-0002-5611-837X,,NA,NA,NA,NA,NA,NA,NA,NA,NA,NA,EMOBON_BPNS_So_228
EMOBON 251223 BPNS So3 Micro R3,EMOBON metagenome sediment sample from station BPNS collected on 2025-12-23 community collected micro,412755,marine sediment metagenome,metagenome,sediment [ENVO:00002007],2025-12-23 00:00:00,BPNS_So_251223,Julie Muyle,0000-0002-7481-0626,flood_tide,micro,,3,NA,NA,22.53,Van Veen Grab,SoSOP3,NA,2025-12-23 00:00:00,OIS general lab -80 Freezer,-80,Julie Muyle,0000-0002-7481-0626,Hanneloor Heynderickx,0000-0002-5611-837X,,NA,NA,NA,NA,NA,NA,NA,NA,NA,NA,EMOBON_BPNS_So_229
EMOBON 251223 BPNS So3 Micro R4,EMOBON metagenome sediment sample from station BPNS collected on 2025-12-23 community collected micro,412755,marine sediment metagenome,metagenome,sediment [ENVO:00002007],2025-12-23 00:00:00,BPNS_So_251223,Julie Muyle,0000-0002-7481-0626,flood_tide,micro,,4,NA,NA,22.53,Van Veen Grab,SoSOP3,NA,2025-12-23 00:00:00,OIS general lab -80 Freezer,-80,Julie Muyle,0000-0002-7481-0626,Hanneloor Heynderickx,0000-0002-5611-837X,,NA,NA,NA,NA,NA,NA,NA,NA,NA,NA,EMOBON_BPNS_So_230
EMOBON 251223 BPNS So3 Micro B1,EMOBON metagenome sediment sample from station BPNS collected on 2025-12-23 community collected micro,256318,metagenome,metagenome,sediment [ENVO:00002007],2025-12-23 00:00:00,BPNS_So_251223,Julie Muyle,0000-0002-7481-0626,NA,micro,,blank_1,NA,NA,NA,NA,SoSOP3,NA,2025-12-23 00:00:00,OIS general lab -80 Freezer,-80,Julie Muyle,0000-0002-7481-0626,Hanneloor Heynderickx,0000-0002-5611-837X,,NA,NA,NA,NA,NA,NA,NA,NA,NA,NA,EMOBON_BPNS_So_231
EMOBON 251223 BPNS So3 Micro B2,EMOBON metagenome sediment sample from station BPNS collected on 2025-12-23 community collected micro,256318,metagenome,metagenome,sediment [ENVO:00002007],2025-12-23 00:00:00,BPNS_So_251223,Julie Muyle,0000-0002-7481-0626,NA,micro,,blank_2,NA,NA,NA,NA,SoSOP3,NA,2025-12-23 00:00:00,OIS general lab -80 Freezer,-80,Julie Muyle,0000-0002-7481-0626,Hanneloor Heynderickx,0000-0002-5611-837X,,NA,NA,NA,NA,NA,NA,NA,NA,NA,NA,EMOBON_BPNS_So_232
EMOBON 260224 BPNS So3 Micro R1,EMOBON metagenome sediment sample from station BPNS collected on 2025-12-23 community collected micro,412755,marine sediment metagenome,metagenome,sediment [ENVO:00002007],2025-12-23 00:00:00,BPNS_So_251223,Hanneloor Heynderickx,0000-0002-5611-837X,ebb_tide,micro,,1,NA,NA,to be updated 04/2026,Van Veen Grab,SoSOP3,NA,2026-02-25 00:00:00,OIS general lab -80 Freezer,-80,Hanneloor Heynderickx,0000-0002-5611-837X,Julie Muyle,0000-0002-7481-0626,,NA,2026-03-09 00:00:00,2026-03-11 00:00:00,-20,,,batch_8,,,,EMOBON_BPNS_So_233
EMOBON 260224 BPNS So3 Micro R2,EMOBON metagenome sediment sample from station BPNS collected on 2025-12-23 community collected micro,412755,marine sediment metagenome,metagenome,sediment [ENVO:00002007],2025-12-23 00:00:00,BPNS_So_251223,Hanneloor Heynderickx,0000-0002-5611-837X,ebb_tide,micro,,2,NA,NA,to be updated 04/2026,Van Veen Grab,SoSOP3,NA,2026-02-25 00:00:00,OIS general lab -80 Freezer,-80,Hanneloor Heynderickx,0000-0002-5611-837X,Julie Muyle,0000-0002-7481-0626,,NA,NA,NA,NA,NA,NA,NA,NA,NA,NA,EMOBON_BPNS_So_234
EMOBON 260224 BPNS So3 Micro R3,EMOBON metagenome sediment sample from station BPNS collected on 2025-12-23 community collected micro,412755,marine sediment metagenome,metagenome,sediment [ENVO:00002007],2025-12-23 00:00:00,BPNS_So_251223,Hanneloor Heynderickx,0000-0002-5611-837X,ebb_tide,micro,,3,NA,NA,to be updated 04/2026,Van Veen Grab,SoSOP3,NA,2026-02-25 00:00:00,OIS general lab -80 Freezer,-80,Hanneloor Heynderickx,0000-0002-5611-837X,Julie Muyle,0000-0002-7481-0626,,NA,NA,NA,NA,NA,NA,NA,NA,NA,NA,EMOBON_BPNS_So_235
EMOBON 260224 BPNS So3 Micro R4,EMOBON metagenome sediment sample from station BPNS collected on 2025-12-23 community collected micro,412755,marine sediment metagenome,metagenome,sediment [ENVO:00002007],2025-12-23 00:00:00,BPNS_So_251223,Hanneloor Heynderickx,0000-0002-5611-837X,ebb_tide,micro,,4,NA,NA,to be updated 04/2026,Van Veen Grab,SoSOP3,NA,2026-02-25 00:00:00,OIS general lab -80 Freezer,-80,Hanneloor Heynderickx,0000-0002-5611-837X,Julie Muyle,0000-0002-7481-0626,,NA,NA,NA,NA,NA,NA,NA,NA,NA,NA,EMOBON_BPNS_So_236
EMOBON 260224 BPNS So3 Micro B1,EMOBON metagenome sediment sample from station BPNS collected on 2025-12-23 community collected micro,256318,metagenome,metagenome,sediment [ENVO:00002007],2025-12-23 00:00:00,BPNS_So_251223,Hanneloor Heynderickx,0000-0002-5611-837X,NA,micro,,blank_1,NA,NA,NA,NA,SoSOP3,NA,2026-02-25 00:00:00,OIS general lab -80 Freezer,-80,Hanneloor Heynderickx,0000-0002-5611-837X,Julie Muyle,0000-0002-7481-0626,,NA,NA,NA,NA,NA,NA,NA,NA,NA,NA,EMOBON_BPNS_So_237
EMOBON 260224 BPNS So3 Micro B2,EMOBON metagenome sediment sample from station BPNS collected on 2025-12-23 community collected micro,256318,metagenome,metagenome,sediment [ENVO:00002007],2025-12-23 00:00:00,BPNS_So_251223,Hanneloor Heynderickx,0000-0002-5611-837X,NA,micro,,blank_2,NA,NA,NA,NA,SoSOP3,NA,2026-02-25 00:00:00,OIS general lab -80 Freezer,-80,Hanneloor Heynderickx,0000-0002-5611-837X,Julie Muyle,0000-0002-7481-0626,,NA,NA,NA,NA,NA,NA,NA,NA,NA,NA,EMOBON_BPNS_So_238
,,,,,,,,,,,,,,,,,,,,,,,,,,,,,,,,,,,,,,EMOBON_BPNS_So_239
,,,,,,,,,,,,,,,,,,,,,,,,,,,,,,,,,,,,,,EMOBON_BPNS_So_240
,,,,,,,,,,,,,,,,,,,,,,,,,,,,,,,,,,,,,,EMOBON_BPNS_So_241
,,,,,,,,,,,,,,,,,,,,,,,,,,,,,,,,,,,,,,EMOBON_BPNS_So_242
,,,,,,,,,,,,,,,,,,,,,,,,,,,,,,,,,,,,,,EMOBON_BPNS_So_243
,,,,,,,,,,,,,,,,,,,,,,,,,,,,,,,,,,,,,,EMOBON_BPNS_So_244
,,,,,,,,,,,,,,,,,,,,,,,,,,,,,,,,,,,,,,EMOBON_BPNS_So_245
,,,,,,,,,,,,,,,,,,,,,,,,,,,,,,,,,,,,,,EMOBON_BPNS_So_246
,,,,,,,,,,,,,,,,,,,,,,,,,,,,,,,,,,,,,,EMOBON_BPNS_So_247
,,,,,,,,,,,,,,,,,,,,,,,,,,,,,,,,,,,,,,EMOBON_BPNS_So_248
,,,,,,,,,,,,,,,,,,,,,,,,,,,,,,,,,,,,,,EMOBON_BPNS_So_249
,,,,,,,,,,,,,,,,,,,,,,,,,,,,,,,,,,,,,,EMOBON_BPNS_So_250
,,,,,,,,,,,,,,,,,,,,,,,,,,,,,,,,,,,,,,EMOBON_BPNS_So_251
,,,,,,,,,,,,,,,,,,,,,,,,,,,,,,,,,,,,,,EMOBON_BPNS_So_252
,,,,,,,,,,,,,,,,,,,,,,,,,,,,,,,,,,,,,,EMOBON_BPNS_So_253
,,,,,,,,,,,,,,,,,,,,,,,,,,,,,,,,,,,,,,EMOBON_BPNS_So_254
,,,,,,,,,,,,,,,,,,,,,,,,,,,,,,,,,,,,,,EMOBON_BPNS_So_255
,,,,,,,,,,,,,,,,,,,,,,,,,,,,,,,,,,,,,,EMOBON_BPNS_So_256
,,,,,,,,,,,,,,,,,,,,,,,,,,,,,,,,,,,,,,EMOBON_BPNS_So_257
,,,,,,,,,,,,,,,,,,,,,,,,,,,,,,,,,,,,,,EMOBON_BPNS_So_258
,,,,,,,,,,,,,,,,,,,,,,,,,,,,,,,,,,,,,,EMOBON_BPNS_So_259
,,,,,,,,,,,,,,,,,,,,,,,,,,,,,,,,,,,,,,EMOBON_BPNS_So_260
,,,,,,,,,,,,,,,,,,,,,,,,,,,,,,,,,,,,,,EMOBON_BPNS_So_261
,,,,,,,,,,,,,,,,,,,,,,,,,,,,,,,,,,,,,,EMOBON_BPNS_So_262
,,,,,,,,,,,,,,,,,,,,,,,,,,,,,,,,,,,,,,EMOBON_BPNS_So_263
,,,,,,,,,,,,,,,,,,,,,,,,,,,,,,,,,,,,,,EMOBON_BPNS_So_264
,,,,,,,,,,,,,,,,,,,,,,,,,,,,,,,,,,,,,,EMOBON_BPNS_So_265
,,,,,,,,,,,,,,,,,,,,,,,,,,,,,,,,,,,,,,EMOBON_BPNS_So_266
,,,,,,,,,,,,,,,,,,,,,,,,,,,,,,,,,,,,,,EMOBON_BPNS_So_267
,,,,,,,,,,,,,,,,,,,,,,,,,,,,,,,,,,,,,,EMOBON_BPNS_So_268
,,,,,,,,,,,,,,,,,,,,,,,,,,,,,,,,,,,,,,EMOBON_BPNS_So_269
,,,,,,,,,,,,,,,,,,,,,,,,,,,,,,,,,,,,,,EMOBON_BPNS_So_270
,,,,,,,,,,,,,,,,,,,,,,,,,,,,,,,,,,,,,,EMOBON_BPNS_So_271
,,,,,,,,,,,,,,,,,,,,,,,,,,,,,,,,,,,,,,EMOBON_BPNS_So_272
,,,,,,,,,,,,,,,,,,,,,,,,,,,,,,,,,,,,,,EMOBON_BPNS_So_273
,,,,,,,,,,,,,,,,,,,,,,,,,,,,,,,,,,,,,,EMOBON_BPNS_So_274
,,,,,,,,,,,,,,,,,,,,,,,,,,,,,,,,,,,,,,EMOBON_BPNS_So_275
,,,,,,,,,,,,,,,,,,,,,,,,,,,,,,,,,,,,,,EMOBON_BPNS_So_276
,,,,,,,,,,,,,,,,,,,,,,,,,,,,,,,,,,,,,,EMOBON_BPNS_So_277
,,,,,,,,,,,,,,,,,,,,,,,,,,,,,,,,,,,,,,EMOBON_BPNS_So_278
,,,,,,,,,,,,,,,,,,,,,,,,,,,,,,,,,,,,,,EMOBON_BPNS_So_279
,,,,,,,,,,,,,,,,,,,,,,,,,,,,,,,,,,,,,,EMOBON_BPNS_So_280
,,,,,,,,,,,,,,,,,,,,,,,,,,,,,,,,,,,,,,EMOBON_BPNS_So_281
,,,,,,,,,,,,,,,,,,,,,,,,,,,,,,,,,,,,,,EMOBON_BPNS_So_282
,,,,,,,,,,,,,,,,,,,,,,,,,,,,,,,,,,,,,,EMOBON_BPNS_So_283
,,,,,,,,,,,,,,,,,,,,,,,,,,,,,,,,,,,,,,EMOBON_BPNS_So_284
,,,,,,,,,,,,,,,,,,,,,,,,,,,,,,,,,,,,,,EMOBON_BPNS_So_285
,,,,,,,,,,,,,,,,,,,,,,,,,,,,,,,,,,,,,,EMOBON_BPNS_So_286
,,,,,,,,,,,,,,,,,,,,,,,,,,,,,,,,,,,,,,EMOBON_BPNS_So_287
,,,,,,,,,,,,,,,,,,,,,,,,,,,,,,,,,,,,,,EMOBON_BPNS_So_288
,,,,,,,,,,,,,,,,,,,,,,,,,,,,,,,,,,,,,,EMOBON_BPNS_So_289
,,,,,,,,,,,,,,,,,,,,,,,,,,,,,,,,,,,,,,EMOBON_BPNS_So_290
,,,,,,,,,,,,,,,,,,,,,,,,,,,,,,,,,,,,,,EMOBON_BPNS_So_291
,,,,,,,,,,,,,,,,,,,,,,,,,,,,,,,,,,,,,,EMOBON_BPNS_So_292
,,,,,,,,,,,,,,,,,,,,,,,,,,,,,,,,,,,,,,EMOBON_BPNS_So_293
,,,,,,,,,,,,,,,,,,,,,,,,,,,,,,,,,,,,,,EMOBON_BPNS_So_294
,,,,,,,,,,,,,,,,,,,,,,,,,,,,,,,,,,,,,,EMOBON_BPNS_So_295
,,,,,,,,,,,,,,,,,,,,,,,,,,,,,,,,,,,,,,EMOBON_BPNS_So_296
,,,,,,,,,,,,,,,,,,,,,,,,,,,,,,,,,,,,,,EMOBON_BPNS_So_297
,,,,,,,,,,,,,,,,,,,,,,,,,,,,,,,,,,,,,,EMOBON_BPNS_So_298
,,,,,,,,,,,,,,,,,,,,,,,,,,,,,,,,,,,,,,EMOBON_BPNS_So_299
,,,,,,,,,,,,,,,,,,,,,,,,,,,,,,,,,,,,,,EMOBON_BPNS_So_300
,,,,,,,,,,,,,,,,,,,,,,,,,,,,,,,,,,,,,,EMOBON_BPNS_So_301
,,,,,,,,,,,,,,,,,,,,,,,,,,,,,,,,,,,,,,EMOBON_BPNS_So_302
,,,,,,,,,,,,,,,,,,,,,,,,,,,,,,,,,,,,,,EMOBON_BPNS_So_303
,,,,,,,,,,,,,,,,,,,,,,,,,,,,,,,,,,,,,,EMOBON_BPNS_So_304
,,,,,,,,,,,,,,,,,,,,,,,,,,,,,,,,,,,,,,EMOBON_BPNS_So_305
,,,,,,,,,,,,,,,,,,,,,,,,,,,,,,,,,,,,,,EMOBON_BPNS_So_306
,,,,,,,,,,,,,,,,,,,,,,,,,,,,,,,,,,,,,,EMOBON_BPNS_So_307
,,,,,,,,,,,,,,,,,,,,,,,,,,,,,,,,,,,,,,EMOBON_BPNS_So_308
,,,,,,,,,,,,,,,,,,,,,,,,,,,,,,,,,,,,,,EMOBON_BPNS_So_309
,,,,,,,,,,,,,,,,,,,,,,,,,,,,,,,,,,,,,,EMOBON_BPNS_So_310
,,,,,,,,,,,,,,,,,,,,,,,,,,,,,,,,,,,,,,EMOBON_BPNS_So_311
,,,,,,,,,,,,,,,,,,,,,,,,,,,,,,,,,,,,,,EMOBON_BPNS_So_312
,,,,,,,,,,,,,,,,,,,,,,,,,,,,,,,,,,,,,,EMOBON_BPNS_So_313
,,,,,,,,,,,,,,,,,,,,,,,,,,,,,,,,,,,,,,EMOBON_BPNS_So_314
,,,,,,,,,,,,,,,,,,,,,,,,,,,,,,,,,,,,,,EMOBON_BPNS_So_315
,,,,,,,,,,,,,,,,,,,,,,,,,,,,,,,,,,,,,,EMOBON_BPNS_So_316
,,,,,,,,,,,,,,,,,,,,,,,,,,,,,,,,,,,,,,EMOBON_BPNS_So_317
,,,,,,,,,,,,,,,,,,,,,,,,,,,,,,,,,,,,,,EMOBON_BPNS_So_318
,,,,,,,,,,,,,,,,,,,,,,,,,,,,,,,,,,,,,,EMOBON_BPNS_So_319
,,,,,,,,,,,,,,,,,,,,,,,,,,,,,,,,,,,,,,EMOBON_BPNS_So_320
,,,,,,,,,,,,,,,,,,,,,,,,,,,,,,,,,,,,,,EMOBON_BPNS_So_321
,,,,,,,,,,,,,,,,,,,,,,,,,,,,,,,,,,,,,,EMOBON_BPNS_So_322
,,,,,,,,,,,,,,,,,,,,,,,,,,,,,,,,,,,,,,EMOBON_BPNS_So_323
,,,,,,,,,,,,,,,,,,,,,,,,,,,,,,,,,,,,,,EMOBON_BPNS_So_324
,,,,,,,,,,,,,,,,,,,,,,,,,,,,,,,,,,,,,,EMOBON_BPNS_So_325
,,,,,,,,,,,,,,,,,,,,,,,,,,,,,,,,,,,,,,EMOBON_BPNS_So_326
,,,,,,,,,,,,,,,,,,,,,,,,,,,,,,,,,,,,,,EMOBON_BPNS_So_327
,,,,,,,,,,,,,,,,,,,,,,,,,,,,,,,,,,,,,,EMOBON_BPNS_So_328
,,,,,,,,,,,,,,,,,,,,,,,,,,,,,,,,,,,,,,EMOBON_BPNS_So_329
,,,,,,,,,,,,,,,,,,,,,,,,,,,,,,,,,,,,,,EMOBON_BPNS_So_330
,,,,,,,,,,,,,,,,,,,,,,,,,,,,,,,,,,,,,,EMOBON_BPNS_So_331
,,,,,,,,,,,,,,,,,,,,,,,,,,,,,,,,,,,,,,EMOBON_BPNS_So_332
,,,,,,,,,,,,,,,,,,,,,,,,,,,,,,,,,,,,,,EMOBON_BPNS_So_333
,,,,,,,,,,,,,,,,,,,,,,,,,,,,,,,,,,,,,,EMOBON_BPNS_So_334
,,,,,,,,,,,,,,,,,,,,,,,,,,,,,,,,,,,,,,EMOBON_BPNS_So_335
,,,,,,,,,,,,,,,,,,,,,,,,,,,,,,,,,,,,,,EMOBON_BPNS_So_336
,,,,,,,,,,,,,,,,,,,,,,,,,,,,,,,,,,,,,,EMOBON_BPNS_So_337
,,,,,,,,,,,,,,,,,,,,,,,,,,,,,,,,,,,,,,EMOBON_BPNS_So_338
,,,,,,,,,,,,,,,,,,,,,,,,,,,,,,,,,,,,,,EMOBON_BPNS_So_339
,,,,,,,,,,,,,,,,,,,,,,,,,,,,,,,,,,,,,,EMOBON_BPNS_So_340
,,,,,,,,,,,,,,,,,,,,,,,,,,,,,,,,,,,,,,EMOBON_BPNS_So_341
,,,,,,,,,,,,,,,,,,,,,,,,,,,,,,,,,,,,,,EMOBON_BPNS_So_342
